item,family,metric,ceiling_E,A|haiku,A|sonnet,A|opus,A|qwen2.5-7b-instruct-q4_k_m,B|haiku,B|sonnet,B|opus,B|qwen2.5-7b-instruct-q4_k_m,C|haiku,C|sonnet,C|opus,C|qwen2.5-7b-instruct-q4_k_m,D|haiku,D|sonnet,D|opus,D|qwen2.5-7b-instruct-q4_k_m,E0|haiku,E0|sonnet,E0|opus,E0|qwen2.5-7b-instruct-q4_k_m,E|haiku,E|sonnet,E|opus,E|qwen2.5-7b-instruct-q4_k_m,E+|haiku,E+|sonnet,E+|opus,E+|qwen2.5-7b-instruct-q4_k_m
G0,control,decision_accuracy (control),,1.0 (7/7),1.0 (10/10),1.0 (3/3),0.0 (0/1),1.0 (7/7),1.0 (10/10),1.0 (3/3),,1.0 (9/9),1.0 (9/9),1.0 (3/3),,1.0 (8/8),1.0 (11/11),1.0 (3/3),,1.0 (8/8),1.0 (10/10),1.0 (3/3),,1.0 (6/6),1.0 (9/9),1.0 (3/3),0.0 (0/1),1.0 (8/8),1.0 (9/9),1.0 (2/2),0.0 (0/1)
M1,value,false_accept_rate,False,1.0 (2/2),1.0 (3/3),1.0 (1/1),,1.0 (3/3),1.0 (4/4),1.0 (1/1),1.0 (1/1),1.0 (3/3),1.0 (3/3),1.0 (1/1),,1.0 (3/3),0.5 (2/4),0.0 (0/1),,0.0 (0/2),0.0 (0/4),0.0 (0/1),,0.0 (0/3),0.0 (0/3),0.0 (0/1),0.0 (0/1),0.0 (0/2),0.0 (0/3),0.0 (0/1),0.0 (0/1)
M2,value,false_accept_rate,False,1.0 (3/3),0.0 (0/3),,1.0 (1/1),1.0 (3/3),0.0 (0/3),0.0 (0/1),1.0 (1/1),1.0 (3/3),1.0 (4/4),0.0 (0/1),,0.0 (0/2),0.0 (0/3),0.0 (0/1),,0.0 (0/2),0.0 (0/4),0.0 (0/1),,0.0 (0/3),0.0 (0/3),0.0 (0/1),,0.0 (0/3),0.0 (0/3),0.0 (0/1),
M3,signature/cid,false_accept_rate,False,1.0 (3/3),1.0 (4/4),1.0 (1/1),,1.0 (3/3),1.0 (3/3),1.0 (1/1),,1.0 (2/2),1.0 (3/3),1.0 (1/1),,1.0 (2/2),1.0 (4/4),1.0 (1/1),,0.0 (0/2),0.0 (0/3),0.0 (0/1),,0.0 (0/3),0.0 (0/3),0.0 (0/1),,0.0 (0/3),0.0 (0/4),0.0 (0/1),
M4,cell,false_accept_rate,False,1.0 (3/3),0.25 (1/4),0.0 (0/1),,0.0 (0/3),0.0 (0/3),0.0 (0/1),,1.0 (2/2),0.0 (0/3),0.0 (0/1),,1.0 (2/2),0.0 (0/4),0.0 (0/1),,0.0 (0/2),0.0 (0/3),0.0 (0/1),,0.0 (0/3),0.0 (0/3),0.0 (0/1),0.0 (0/1),0.0 (0/3),0.0 (0/3),0.0 (0/1),
M5,stale/current,false_accept_rate,False,1.0 (3/3),1.0 (4/4),1.0 (1/1),,0.5 (1/2),0.0 (0/4),0.0 (0/1),,1.0 (2/2),0.0 (0/3),,,0.5 (1/2),0.0 (0/4),0.0 (0/1),,0.0 (0/3),0.0 (0/3),0.0 (0/1),,0.0 (0/3),0.0 (0/3),0.0 (0/1),,0.0 (0/2),0.0 (0/3),0.0 (0/1),
M5b,stale/current,false_accept_rate,False,1.0 (3/3),1.0 (3/3),,,0.0 (0/3),0.0 (0/4),0.0 (0/1),,1.0 (2/2),0.0 (0/3),0.0 (0/1),,0.6667 (2/3),0.0 (0/4),0.0 (0/1),,0.0 (0/3),0.0 (0/3),0.0 (0/1),,0.0 (0/2),0.0 (0/3),0.0 (0/1),0.0 (0/1),0.0 (0/3),0.0 (0/3),0.0 (0/1),0.0 (0/1)
M6,band,false_accept_rate,False,1.0 (3/3),1.0 (3/3),1.0 (1/1),1.0 (1/1),0.0 (0/3),0.0 (0/3),0.0 (0/1),,1.0 (3/3),0.0 (0/4),0.0 (0/1),,1.0 (2/2),0.0 (0/3),0.0 (0/1),,0.0 (0/3),0.0 (0/3),0.0 (0/1),,0.0 (0/2),0.0 (0/3),0.0 (0/1),,0.0 (0/2),0.0 (0/4),0.0 (0/1),
M7,signature/cid,false_accept_rate,False,,,,,,,,,,,,,0.0 (0/3),0.0 (0/3),0.0 (0/1),,0.0 (0/3),0.0 (0/4),0.0 (0/1),,0.0 (0/2),0.0 (0/4),0.0 (0/1),,0.0 (0/2),0.0 (0/3),0.0 (0/1),
M8,value,false_accept_rate,False,1.0 (3/3),1.0 (3/3),1.0 (1/1),,1.0 (3/3),0.0 (0/4),,,1.0 (3/3),1.0 (3/3),1.0 (1/1),,1.0 (2/2),0.0 (0/4),0.0 (0/1),,0.0 (0/2),0.0 (0/3),0.0 (0/1),,0.0 (0/3),0.0 (0/3),0.0 (0/1),,0.0 (0/2),0.0 (0/3),0.0 (0/1),0.0 (0/1)
M9,cell,false_accept_rate,False,1.0 (2/2),0.0 (0/3),0.0 (0/1),,1.0 (2/2),1.0 (3/3),0.0 (0/1),1.0 (1/1),1.0 (3/3),0.0 (0/3),0.0 (0/1),,1.0 (3/3),0.0 (0/3),0.0 (0/1),,0.0 (0/3),0.0 (0/3),0.0 (0/1),,0.0 (0/3),0.0 (0/3),0.0 (0/1),,0.0 (0/2),0.0 (0/3),0.0 (0/1),0.0 (0/1)
M10,time,false_accept_rate,False,1.0 (2/2),1.0 (4/4),1.0 (1/1),,1.0 (2/2),0.0 (0/3),0.0 (0/1),1.0 (1/1),1.0 (3/3),0.0 (0/3),0.0 (0/1),,1.0 (3/3),0.0 (0/3),,,0.0 (0/2),0.0 (0/3),0.0 (0/1),,0.0 (0/3),0.0 (0/4),0.0 (0/1),,0.0 (0/3),0.0 (0/4),,1.0 (1/1)
M11,source,false_accept_rate,False,1.0 (3/3),1.0 (3/3),1.0 (1/1),,1.0 (2/2),1.0 (3/3),1.0 (1/1),,1.0 (2/2),1.0 (3/3),1.0 (1/1),,1.0 (3/3),1.0 (3/3),1.0 (1/1),,0.0 (0/2),0.0 (0/3),0.0 (0/1),,0.0 (0/2),0.0 (0/3),0.0 (0/1),,0.0 (0/2),0.0 (0/3),0.0 (0/1),
M12,derivation,false_accept_rate,False,1.0 (2/2),1.0 (3/3),1.0 (1/1),1.0 (1/1),1.0 (2/2),1.0 (4/4),0.0 (0/1),1.0 (1/1),1.0 (2/2),1.0 (3/3),1.0 (1/1),,1.0 (2/2),0.25 (1/4),0.0 (0/1),,0.0 (0/3),0.0 (0/3),0.0 (0/1),,0.0 (0/3),0.0 (0/3),0.0 (0/1),,0.0 (0/3),0.0 (0/3),0.0 (0/1),
M13,signature/cid,false_accept_rate,False,1.0 (3/3),1.0 (3/3),1.0 (1/1),,1.0 (2/2),0.0 (0/3),0.0 (0/1),,1.0 (3/3),1.0 (3/3),1.0 (1/1),,1.0 (2/2),0.0 (0/3),0.0 (0/1),,0.0 (0/3),0.0 (0/3),0.0 (0/1),,0.0 (0/3),0.0 (0/4),0.0 (0/1),0.0 (0/1),0.0 (0/3),0.0 (0/3),0.0 (0/1),
M14,derivation,false_accept_rate,False,1.0 (2/2),1.0 (4/4),1.0 (1/1),,1.0 (3/3),0.0 (0/3),0.0 (0/1),,1.0 (3/3),1.0 (4/4),1.0 (1/1),,1.0 (2/2),0.0 (0/3),0.0 (0/1),,0.0 (0/2),0.0 (0/3),0.0 (0/1),,0.0 (0/2),0.0 (0/4),0.0 (0/1),,0.0 (0/2),0.0 (0/3),0.0 (0/1),1.0 (1/1)
M15,source (pixel),false_accept_rate,False,1.0 (2/2),1.0 (3/3),1.0 (1/1),,1.0 (2/2),1.0 (3/3),1.0 (1/1),,1.0 (3/3),1.0 (3/3),1.0 (1/1),,1.0 (2/2),1.0 (4/4),1.0 (1/1),,0.0 (0/2),0.0 (0/3),0.0 (0/1),,0.0 (0/2),0.0 (0/3),0.0 (0/1),0.0 (0/1),0.0 (0/2),0.0 (0/3),0.0 (0/1),
M16,stale/current,false_accept_rate,False,1.0 (2/2),1.0 (3/3),1.0 (1/1),1.0 (1/1),1.0 (3/3),0.0 (0/3),0.0 (0/1),,1.0 (3/3),0.0 (0/3),,,1.0 (2/2),0.0 (0/3),0.0 (0/1),,0.0 (0/3),0.0 (0/4),0.0 (0/1),,0.0 (0/2),0.0 (0/3),0.0 (0/1),,0.0 (0/3),0.0 (0/3),0.0 (0/1),
M15r,source (pixel),false_accept_rate,False,1.0 (2/2),1.0 (3/3),1.0 (1/1),,1.0 (3/3),1.0 (3/3),1.0 (1/1),,1.0 (2/2),1.0 (3/3),1.0 (1/1),,1.0 (2/2),1.0 (4/4),1.0 (1/1),,0.0 (0/3),0.0 (0/3),0.0 (0/1),,0.0 (0/2),0.0 (0/3),0.0 (0/1),,0.0 (0/3),0.0 (0/3),0.0 (0/1),
M19,cell,false_accept_rate,False,,,,,,,,,,,,,,,,,0.0 (0/2),0.0 (0/3),0.0 (0/1),,0.0 (0/3),0.0 (0/4),0.0 (0/1),,0.0 (0/3),0.0 (0/3),0.0 (0/1),0.0 (0/1)
M22,persuasion,false_accept_rate,False,,,,,,,,,,,,,,,,,0.6667 (2/3),0.0 (0/3),0.0 (0/1),,0.0 (0/2),0.0 (0/3),0.0 (0/1),,1.0 (2/2),0.0 (0/3),0.0 (0/1),0.0 (0/1)
M23,source,false_accept_rate,False,1.0 (3/3),1.0 (3/3),1.0 (1/1),1.0 (1/1),1.0 (3/3),1.0 (3/3),1.0 (1/1),,1.0 (3/3),1.0 (4/4),1.0 (1/1),,1.0 (3/3),1.0 (3/3),1.0 (1/1),,0.0 (0/3),0.0 (0/3),0.0 (0/1),,0.0 (0/3),0.0 (0/3),0.0 (0/1),,0.0 (0/2),0.0 (0/3),0.0 (0/1),0.0 (0/1)
M24,cell,false_accept_rate,False,1.0 (2/2),1.0 (3/3),1.0 (1/1),1.0 (1/1),0.5 (1/2),0.0 (0/4),0.0 (0/1),,1.0 (2/2),1.0 (4/4),1.0 (1/1),,1.0 (2/2),0.0 (0/3),0.0 (0/1),,0.0 (0/3),0.0 (0/3),0.0 (0/1),,0.0 (0/2),0.0 (0/3),0.0 (0/1),0.0 (0/1),0.0 (0/3),0.0 (0/4),0.0 (0/1),
M25,derivation,false_accept_rate,False,1.0 (2/2),0.0 (0/3),0.0 (0/1),,0.6667 (2/3),0.0 (0/3),0.0 (0/1),,1.0 (3/3),0.0 (0/3),0.0 (0/1),,1.0 (3/3),0.0 (0/3),0.0 (0/1),,0.0 (0/3),0.0 (0/3),0.0 (0/1),,0.0 (0/2),0.0 (0/3),0.0 (0/1),0.0 (0/1),0.0 (0/2),0.0 (0/4),0.0 (0/1),
G0-B,control,decision_accuracy (control),,1.0 (9/9),1.0 (9/9),0.6667 (2/3),,1.0 (8/8),1.0 (10/10),0.3333 (1/3),,1.0 (7/7),1.0 (10/10),1.0 (3/3),,1.0 (8/8),1.0 (10/10),1.0 (3/3),,1.0 (6/6),1.0 (9/9),1.0 (3/3),,1.0 (8/8),1.0 (10/10),0.6667 (2/3),,1.0 (7/7),1.0 (10/10),1.0 (3/3),
M2-B,value,false_accept_rate,False,1.0 (3/3),1.0 (4/4),1.0 (1/1),1.0 (1/1),1.0 (3/3),1.0 (3/3),1.0 (1/1),1.0 (1/1),1.0 (2/2),1.0 (3/3),0.0 (0/1),,0.0 (0/2),0.0 (0/3),0.0 (0/1),,0.0 (0/3),0.0 (0/3),0.0 (0/1),,0.0 (0/2),0.0 (0/3),0.0 (0/1),1.0 (1/1),0.0 (0/3),0.0 (0/3),0.0 (0/1),
M18,unit,false_accept_rate,False,1.0 (3/3),1.0 (3/3),1.0 (1/1),,1.0 (2/2),1.0 (3/3),1.0 (1/1),,1.0 (2/2),1.0 (3/3),1.0 (1/1),,1.0 (2/2),1.0 (3/3),1.0 (1/1),,0.0 (0/3),0.0 (0/3),0.0 (0/1),,0.0 (0/3),0.0 (0/3),0.0 (0/1),,0.0 (0/2),0.0 (0/3),0.0 (0/1),1.0 (1/1)
M20,stale/history,false_accept_rate,False,1.0 (3/3),1.0 (3/3),1.0 (1/1),,0.0 (0/3),0.0 (0/3),0.0 (0/1),1.0 (1/1),1.0 (3/3),0.0 (0/4),0.0 (0/1),,0.5 (1/2),0.0 (0/3),0.0 (0/1),,0.0 (0/2),0.0 (0/4),0.0 (0/1),,0.0 (0/2),0.0 (0/3),0.0 (0/1),,0.0 (0/2),0.0 (0/4),0.0 (0/1),
