cid,band,tslot,capture_date,scene,provider,signed_at,prefix_bool,signed_value,floor_value,round_value,match_class,scl_signed,scl_floor,scl_round,signed_dns,floor_dns,round_dns,dn_offset,recomputed_signed,col_frac,row_frac,reader_stamp,cid_ok
ezs2hn7psaynfitpzcov4my5vtyxy44re2egie4hmwsupf43mk7q,indices.nbr,20721,2026-09-25,S2A_MSIL2A_20260925T054251_R005_T43SFS_20260925T090015,PC,2026-09-30T10:01:53Z,False,0.2726347914547304,0.2726347914547304,0.10682110682110683,matches-floor,4,4,5,"[3502.0, 2430.0]","[3502, 2430]","[2720, 2388]",-1000.0,0.2726347914547304,0.32732190324531985,0.5735719110816717,reader=cog-pixel-floor@2,True
2dpnuf4eqjgmacmwq5hqoofpcslmsmehtui2mnul5x6pbh2ttnwq,indices.ndvi,19019,2022-01-27,S2A_43SFS_20220127_1_L2A,E84,2026-07-16T05:40:19Z,True,-0.048604578237692105,-0.024390243902438994,-0.048604578237692105,matches-round,11,11,11,"[3034.0, 3344.0]","[5900, 6195]","[3034, 3344]",0.0,-0.048604578237692105,0.32732190324531985,0.5735719110816717,,True
av3yiinq7ss65rp2zq5sez47fepcu2kgcbw6kdvwbmryhols3ecq,indices.ndvi,19024,2022-02-01,S2B_43SFS_20220201_0_L2A,E84,2026-07-16T05:40:22Z,True,-0.011024040377208093,-0.035226912091399554,-0.011024040377208093,matches-round,11,11,11,"[3723.0, 3806.0]","[6080, 6524]","[3723, 3806]",0.0,-0.011024040377208093,0.32732190324531985,0.5735719110816717,,True
ambveemg22gb6sxg43zmyotgzkl2bdv42y4od64nvlj63qfjwisa,indices.ndvi,19031,2022-02-08,S2B_43SFS_20220208_0_L2A,E84,2026-07-16T05:40:24Z,True,-0.00980392156862746,0.002277904328018153,-0.00980392156862746,matches-round,11,11,11,"[4040.0, 4120.0]","[6160, 6132]","[4040, 4120]",0.0,-0.00980392156862746,0.32732190324531985,0.5735719110816717,,True
r47ns5s7yboyn5l2qmwstpw7z2fwvjgxb5zqowe76g2dkhbxdagq,indices.ndvi,19034,2022-02-11,S2B_43SFS_20220211_0_L2A,E84,2026-07-16T05:40:25Z,True,-0.04433811802232854,-0.010312359886414612,-0.04433811802232854,matches-round,11,11,11,"[5992.0, 6548.0]","[6622, 6760]","[5992, 6548]",0.0,-0.04433811802232854,0.32732190324531985,0.5735719110816717,,True
pawwouui324b5ohyalaehuzk3pe5th7wn2tz2mfeepe35izzq7yq,indices.ndvi,19036,2022-02-13,S2A_43SFS_20220213_0_L2A,E84,2026-07-16T05:40:27Z,True,-0.01643690349946981,-0.030095238095238164,-0.01643690349946981,matches-round,11,11,11,"[3710.0, 3834.0]","[5092, 5408]","[3710, 3834]",0.0,-0.01643690349946981,0.32732190324531985,0.5735719110816717,,True
pdggyrzguuwuy3hhaslof2hkdmwupzmdap3e53yw7zsksja7xaxq,indices.ndvi,19384,2023-01-27,S2B_43SFS_20230127_0_L2A,E84,2026-07-16T05:40:28Z,True,0.0017777777777777668,-0.02219927723283427,0.0017777777777777668,matches-round,11,11,11,"[4508.0, 4492.0]","[7576, 7920]","[4508, 4492]",0.0,0.0017777777777777668,0.32732190324531985,0.5735719110816717,,True
6bixwohsocr7ml4jrjga6zq2i3d4v4ir73z2wbhie7qzovzoadsq,indices.ndvi,19389,2023-02-01,S2A_43SFS_20230201_0_L2A,E84,2026-07-16T05:40:30Z,True,-0.031200423056583833,-0.05301432623081962,-0.031200423056583833,matches-round,11,11,11,"[3664.0, 3900.0]","[6511, 7240]","[3664, 3900]",0.0,-0.031200423056583833,0.32732190324531985,0.5735719110816717,,True
gxatpd7rxcybtcqkguejubt5uu2mlzpjjjzgpuekugoxdxricisa,indices.ndvi,19391,2023-02-03,S2B_43SFS_20230203_0_L2A,E84,2026-07-16T05:40:33Z,True,-0.029637760702524704,-0.036369101292455665,-0.029637760702524704,matches-round,11,11,11,"[3536.0, 3752.0]","[6412, 6896]","[3536, 3752]",0.0,-0.029637760702524704,0.32732190324531985,0.5735719110816717,,True
abq3ohgxtkhefaluiitasxj2x7g22xatcqgudn44z2vbnpqqp66a,indices.ndvi,19396,2023-02-08,S2A_43SFS_20230208_0_L2A,E84,2026-07-16T05:40:35Z,True,-0.02461899179366937,-0.02781844802342604,-0.02461899179366937,matches-round,11,11,11,"[3328.0, 3496.0]","[3984, 4212]","[3328, 3496]",0.0,-0.02461899179366937,0.32732190324531985,0.5735719110816717,,True
w2aiub3fjkrkh4cezwsktlne3z2l7zciwtxl6tfpqjl3kf5g3osa,indices.ndvi,19401,2023-02-13,S2B_43SFS_20230213_0_L2A,E84,2026-07-16T05:40:36Z,True,0.010460251046025113,0.008879781420764997,0.010460251046025113,matches-round,11,11,11,"[3864.0, 3784.0]","[5908, 5804]","[3864, 3784]",0.0,0.010460251046025113,0.32732190324531985,0.5735719110816717,,True
zgtxa5b3sz6sqqcuvqped63m2thrjfnsd5turq4uracpki3wstsa,indices.ndvi,19749,2024-01-27,S2A_43SFS_20240127_0_L2A,E84,2026-07-16T05:40:39Z,True,0.1324651998203862,0.13161131611316104,0.1324651998203862,matches-round,5,5,5,"[1261.0, 966.0]","[1840, 1412]","[1261, 966]",0.0,0.1324651998203862,0.32732190324531985,0.5735719110816717,,True
uvpcasbwhfjyg7pwp2ad7hjrtvgzk4hfq7vg5wc7hhinzc35krva,indices.ndvi,19759,2024-02-06,S2A_43SFS_20240206_0_L2A,E84,2026-07-16T05:40:40Z,True,-0.014266842800528368,-0.037395377409199085,-0.014266842800528368,matches-round,11,11,11,"[3731.0, 3839.0]","[6268, 6755]","[3731, 3839]",0.0,-0.014266842800528368,0.32732190324531985,0.5735719110816717,,True
jtqrz5afacn7qejs4m2gbzep3rxmddza7d6vbcy7mpnv2sbtlhmq,indices.ndvi,19761,2024-02-08,S2B_43SFS_20240208_0_L2A,E84,2026-07-16T05:40:42Z,True,-0.005760368663594475,-0.017184401850627928,-0.005760368663594475,matches-round,11,11,11,"[3452.0, 3492.0]","[5948, 6156]","[3452, 3492]",0.0,-0.005760368663594475,0.32732190324531985,0.5735719110816717,,True
qwli4ej4zdadwr3cyvmpz5qpttleko44ydh3kqvbfab25dkk5dua,indices.ndvi,19764,2024-02-11,S2B_43SFS_20240211_0_L2A,E84,2026-07-16T05:40:45Z,True,-0.02734374999999997,-0.005608974358974353,-0.02734374999999997,matches-round,11,11,11,"[2988.0, 3156.0]","[4964, 5020]","[2988, 3156]",0.0,-0.02734374999999997,0.32732190324531985,0.5735719110816717,,True
qinwnmwkyifxztpojlfqpjjrobifnwmaltezctp7gwvyh23eugja,indices.ndvi,20116,2025-01-28,S2C_43SFS_20250128_0_L2A,E84,2026-07-16T05:40:46Z,True,0.07730986800754236,0.09773712084737601,0.07730986800754236,matches-round,5,5,5,"[1714.0, 1468.0]","[2280, 1874]","[1714, 1468]",0.0,0.07730986800754236,0.32732190324531985,0.5735719110816717,,True
dhesyu6hlocjrkkjs6mgus7scl2qle43tpeu5zfiw66ozw4nv3bq,indices.ndvi,20119,2025-01-31,S2C_43SFS_20250131_0_L2A,E84,2026-07-16T05:40:47Z,True,0.14350797266514806,0.1369627507163324,0.14350797266514806,matches-round,5,5,5,"[1506.0, 1128.0]","[1984, 1506]","[1506, 1128]",0.0,0.14350797266514806,0.32732190324531985,0.5735719110816717,,True
l5bhccee7b4vt277nsnldnz3euxil26clvpytlx2clghhpfg4oyq,indices.ndvi,20121,2025-02-02,S2B_43SFS_20250202_0_L2A,E84,2026-07-16T05:40:49Z,True,0.09228441754916789,0.14221472737492974,0.09228441754916789,matches-round,5,5,5,"[1444.0, 1200.0]","[2032, 1526]","[1444, 1200]",0.0,0.09228441754916789,0.32732190324531985,0.5735719110816717,,True
52rd5swgxsqrh4okxjjjvauuvgag6wqa37xwdx3n6oqferl3bh5a,indices.ndvi,20126,2025-02-07,S2C_43SFS_20250207_0_L2A,E84,2026-07-16T05:40:52Z,True,0.018344075359444694,0.02994555353901994,0.018344075359444694,matches-round,11,11,11,"[4108.0, 3960.0]","[4540, 4276]","[4108, 3960]",0.0,0.018344075359444694,0.32732190324531985,0.5735719110816717,,True
odzwxq7gymlpn7lniohjifgc64lntae3pxka2m236y456d3ehura,indices.ndvi,20131,2025-02-12,S2B_43SFS_20250212_0_L2A,E84,2026-07-16T05:40:54Z,True,0.04109589041095884,0.10606860158311349,0.04109589041095884,matches-round,5,5,5,"[1520.0, 1400.0]","[2096, 1694]","[1520, 1400]",0.0,0.04109589041095884,0.32732190324531985,0.5735719110816717,,True
fal3ndhgdh4ecws6nxluyqsajat6ghff3whmemni5mbwxhkhma4q,indices.ndvi,20356,2025-09-25,S2C_MSIL2A_20250925T052701_R105_T43SFS_20250925T103607,PC,2026-09-30T09:20:35Z,False,0.6006637168141593,0.6006637168141593,0.45132743362831856,matches-floor,4,4,5,"[3894.0, 1722.0]","[3894, 1722]","[2968, 1744]",-1000.0,0.6006637168141593,0.32732190324531985,0.5735719110816717,reader=cog-pixel-floor@2,True
4qj3l4mgh7ch5kvxmkqspjdl6y42oqhm42khh3gostccpixkbz5q,indices.ndvi,20481,2026-01-28,S2B_43SFS_20260128_0_L2A,E84,2026-07-16T05:40:55Z,True,-0.052199413489736016,-0.058049535603715216,-0.052199413489736016,matches-round,11,11,11,"[3232.0, 3588.0]","[4868, 5468]","[3232, 3588]",0.0,-0.052199413489736016,0.32732190324531985,0.5735719110816717,,True
aeg2w2m3d3am2nmfnugytlw5dc6ciwzderx66w3i4khodvdoxnoq,indices.ndvi,20486,2026-02-02,S2C_43SFS_20260202_0_L2A,E84,2026-07-16T05:40:58Z,True,-0.01909854851031323,-0.01631240731586751,-0.01909854851031323,matches-round,11,11,11,"[5136.0, 5336.0]","[7960, 8224]","[5136, 5336]",0.0,-0.01909854851031323,0.32732190324531985,0.5735719110816717,,True
sb5xeaw2s2i4jnlyawuabc7di3tgm5zh24ihc73nvch3le3do3ba,indices.ndvi,20489,2026-02-05,S2C_43SFS_20260205_0_L2A,E84,2026-07-16T05:40:59Z,True,-0.024856994279771165,-0.03649816576509356,-0.024856994279771165,matches-round,11,11,11,"[4688.0, 4927.0]","[7748, 8335]","[4688, 4927]",0.0,-0.024856994279771165,0.32732190324531985,0.5735719110816717,,True
kxd7jgts5wcidgkszlgeycv3ry7npdxd3ullcad3xht26ncqcexa,indices.ndvi,20491,2026-02-07,S2B_43SFS_20260207_0_L2A,E84,2026-07-16T05:41:02Z,True,-0.010737496467928787,-0.03281261678750284,-0.010737496467928787,matches-round,11,11,11,"[3501.0, 3577.0]","[6470, 6909]","[3501, 3577]",0.0,-0.010737496467928787,0.32732190324531985,0.5735719110816717,,True
27wcyyi4zvzgybvqzzdtese5ra5zsrj3jasy2fdvla5pyvsgmspq,indices.ndvi,20496,2026-02-12,S2C_43SFS_20260212_0_L2A,E84,2026-07-16T05:41:04Z,True,-0.029639944300775857,-0.02582183967644927,-0.029639944300775857,matches-round,11,11,11,"[2439.0, 2588.0]","[4697, 4946]","[2439, 2588]",0.0,-0.029639944300775857,0.32732190324531985,0.5735719110816717,,True
nh25ek6yx3sktt2iirfpvik53vivulghaomodra3ovmi7ti7dgmq,indices.ndvi,20614,2026-06-10,S2B_43SFS_20260610_0_L2A,E84,2026-07-18T18:19:43Z,True,0.5429769392033543,0.6757033248081841,0.5429769392033543,matches-round,4,4,4,"[2944.0, 872.0]","[3276, 634]","[2944, 872]",0.0,0.5429769392033543,0.32732190324531985,0.5735719110816717,,True
v7usyptgbm6x3ejgtw7jvur4i6e6exfeorpw2izfqnpytzebl5qa,indices.ndvi,20634,2026-06-30,S2B_43SFS_20260630_0_L2A,E84,2026-07-15T19:37:40Z,True,0.44793560114256037,0.7281083696178037,0.44793560114256037,matches-round,5,4,5,"[2788.0, 1063.0]","[3572, 562]","[2788, 1063]",0.0,0.44793560114256037,0.32732190324531985,0.5735719110816717,,True
jwkqm6ehelmzrwupfwyq2oqotiarexr5bdrt4xbl3znuynhurqxq,indices.ndvi,20651,2026-07-17,S2B_43SFS_20260717_0_L2A,E84,2026-07-18T07:37:57Z,True,0.4871541501976284,0.766884531590414,0.4871541501976284,matches-round,5,4,5,"[3010.0, 1038.0]","[4055, 535]","[3010, 1038]",0.0,0.4871541501976284,0.32732190324531985,0.5735719110816717,,True
kxjvfwpa7grmfhkxoxufq5xjltq2s5syer2rzdx7odbnrxhnjzkq,indices.ndvi,20719,2026-09-23,S2C_MSIL2A_20260923T053641_R005_T43SFS_20260923T101809,PC,2026-09-25T19:35:27Z,True,0.34435075885328836,0.48602395892755273,0.34435075885328836,matches-round,5,4,5,"[2993.0, 1972.0]","[3605, 1901]","[2993, 1972]",-1000.0,0.34435075885328836,0.32732190324531985,0.5735719110816717,,True
oj5ceccile62uvm6hedpuk67cjt2pqc7z33mtsyuffgakxbxmyaa,indices.ndvi,20721,2026-09-25,S2A_MSIL2A_20260925T054251_R005_T43SFS_20260925T090015,PC,2026-09-28T09:06:56Z,False,0.4708994708994709,0.4708994708994709,0.3015512674990541,matches-floor,4,4,5,"[3502.0, 1900.0]","[3502, 1900]","[2720, 1923]",-1000.0,0.4708994708994709,0.32732190324531985,0.5735719110816717,,True
6x6af2zxxkecrvihrwdgipqk2pcfbspgmnl5exk5ipd5thy3cala,indices.ndwi,20634,2026-06-30,S2B_43SFS_20260630_0_L2A,E84,2026-07-15T19:37:40Z,True,-0.4279129321382842,-0.6517919075144509,-0.4279129321382842,matches-round,5,4,5,"[1117.0, 2788.0]","[753, 3572]","[1117, 2788]",0.0,-0.4279129321382842,0.32732190324531985,0.5735719110816717,,True
juokn77pgvd2k6pgwvfq6enc2rp2bcnel4n7t3l62mc7wg4pah3q,indices.ndwi,20721,2026-09-25,S2A_MSIL2A_20260925T054251_R005_T43SFS_20260925T090015,PC,2026-09-30T10:01:53Z,False,-0.5022515761032723,-0.5022515761032723,-0.3743507790651218,matches-floor,4,4,5,"[1829.0, 3502.0]","[1829, 3502]","[1783, 2720]",-1000.0,-0.5022515761032723,0.32732190324531985,0.5735719110816717,reader=cog-pixel-floor@2,True
py5ociekpqo2pwqwai3rbdfyvzpbke4uzbeayh542cqrvebvi5kq,s2.B04,19481,2023-05-04,S2B_43SFS_20230504_0_L2A,E84,2026-07-15T21:13:54Z,True,0.1464,0.1368,0.1464,matches-round,5,5,5,[1464.0],[1368],[1464],0.0,0.1464,0.32732190324531985,0.5735719110816717,,True
4s4unolizynufr3rhestj6ft4scrs6p6jr6zrbnupjli7degly6q,s2.B04,19551,2023-07-13,S2B_43SFS_20230713_0_L2A,E84,2026-07-15T21:14:08Z,True,0.0881,0.0584,0.0881,matches-round,4,4,4,[881.0],[584],[881],0.0,0.0881,0.32732190324531985,0.5735719110816717,,True
yhdhwmdpegpmrsfmzfa7g2pw2m42kxgkwlg5o4ubo4e7emzo3k6a,s2.B04,19581,2023-08-12,S2B_43SFS_20230812_0_L2A,E84,2026-07-15T21:14:15Z,True,0.1038,0.07980000000000001,0.1038,matches-round,5,4,5,[1038.0],[798],[1038],0.0,0.1038,0.32732190324531985,0.5735719110816717,,True
xn35wcfomlr6ll2zfyot5htvqapvj4kmi4rn3cktx4xdy6aj52oa,s2.B04,19614,2023-09-14,S2B_43SFS_20230914_0_L2A,E84,2026-07-15T21:14:20Z,True,0.1116,0.1178,0.1116,matches-round,5,5,5,[1116.0],[1178],[1116],0.0,0.1116,0.32732190324531985,0.5735719110816717,,True
y4fk77xdduhytn6mwf55ls6eympeixmcvlny2oal2giiulmsaqma,s2.B04,19641,2023-10-11,S2B_43SFS_20231011_0_L2A,E84,2026-07-15T21:14:28Z,True,0.0901,0.10940000000000001,0.0901,matches-round,5,5,5,[901.0],[1094],[901],0.0,0.0901,0.32732190324531985,0.5735719110816717,,True
xluatkchi7haibxbdywhbyphpda3auyxbxdvk4cjdo5pawsiaqaa,s2.B04,19856,2024-05-13,S2A_43SFS_20240513_0_L2A,E84,2026-07-15T21:14:34Z,True,0.12660000000000002,0.1096,0.12660000000000002,matches-round,5,4,5,[1266.0],[1096],[1266],0.0,0.12660000000000002,0.32732190324531985,0.5735719110816717,,True
q2myic3nlwbhj3b3szadq6ikvygiqabwlm55cvgp3wm73v2ykb3q,s2.B04,19889,2024-06-15,S2A_43SFS_20240615_0_L2A,E84,2026-07-15T21:14:43Z,True,0.08600000000000001,0.0751,0.08600000000000001,matches-round,5,4,5,[860.0],[751],[860],0.0,0.08600000000000001,0.32732190324531985,0.5735719110816717,,True
jr3kffq22vplp2c2u663kazvu3h3milmqtowwnpyrpzxpp4paczq,s2.B04,19919,2024-07-15,S2A_43SFS_20240715_0_L2A,E84,2026-07-15T21:14:49Z,True,0.09580000000000001,0.051000000000000004,0.09580000000000001,matches-round,4,4,4,[958.0],[510],[958],0.0,0.09580000000000001,0.32732190324531985,0.5735719110816717,,True
trphbpgd2cnyioiw2mif4zrcxvb7jl4twzs7vqu53j2cjiphtaya,s2.B04,19949,2024-08-14,S2A_43SFS_20240814_0_L2A,E84,2026-07-15T21:14:54Z,True,0.0794,0.0794,0.0794,both(equal DNs),4,4,4,[794.0],[794],[794],0.0,0.0794,0.32732190324531985,0.5735719110816717,,True
vynyrtr3uvgevvsfr6lt77z2qeghu6nprgukuoiftjbzxquqmx4q,s2.B04,19959,2024-08-24,S2A_43SFS_20240824_0_L2A,E84,2026-07-15T21:15:01Z,True,0.0058000000000000005,0.007,0.0058000000000000005,matches-round,3,3,3,[58.0],[70],[58],0.0,0.0058000000000000005,0.32732190324531985,0.5735719110816717,,True
q6kqshwr2tmqi6nsl6v5atffpt5jiinyr2q24hlevm7t6mdkx2sq,s2.B04,20011,2024-10-15,S2B_43SFS_20241015_0_L2A,E84,2026-07-15T21:15:10Z,True,0.11620000000000001,0.1208,0.11620000000000001,matches-round,5,5,5,[1162.0],[1208],[1162],0.0,0.11620000000000001,0.32732190324531985,0.5735719110816717,,True
ucjwog25d2n4kwxn6y6mexc5mbwhbh7aihqks24btvcr4p5goota,s2.B04,20209,2025-05-01,S2C_43SFS_20250501_0_L2A,E84,2026-07-15T21:15:15Z,True,0.1114,0.1018,0.1114,matches-round,5,5,5,[1114.0],[1018],[1114],0.0,0.1114,0.32732190324531985,0.5735719110816717,,True
ltota3mxfzscwrv64a2wkjoo5orfjsis2cpyojo7jlbovqtubpsa,s2.B04,20221,2025-05-13,S2B_43SFS_20250513_0_L2A,E84,2026-07-15T21:15:21Z,True,0.1316,0.12240000000000001,0.1316,matches-round,5,4,5,[1316.0],[1224],[1316],0.0,0.1316,0.32732190324531985,0.5735719110816717,,True
rdvkadqofl6zpjrfclnkbbr5ggshajukyin2nugdy34eo727rz6a,s2.B04,20231,2025-05-23,S2B_43SFS_20250523_0_L2A,E84,2026-07-15T21:15:24Z,True,0.1052,0.1042,0.1052,matches-round,5,4,5,[1052.0],[1042],[1052],0.0,0.1052,0.32732190324531985,0.5735719110816717,,True
jl2vwd26mcyro7z27x44tnis4vijqxu3hmmj2ebiqlf4gojkjiiq,s2.B04,20234,2025-05-26,S2B_43SFS_20250526_0_L2A,E84,2026-07-15T21:15:29Z,True,0.08700000000000001,0.075,0.08700000000000001,matches-round,4,4,4,[870.0],[750],[870],0.0,0.08700000000000001,0.32732190324531985,0.5735719110816717,,True
2wg6yticy3kep3jepi4yidba5felk5alxfifhm4zvic6j2ojffxq,s2.B04,20251,2025-06-12,S2B_43SFS_20250612_0_L2A,E84,2026-07-15T21:15:32Z,True,0.10700000000000001,0.0978,0.10700000000000001,matches-round,5,4,5,[1070.0],[978],[1070],0.0,0.10700000000000001,0.32732190324531985,0.5735719110816717,,True
zrlxowb6vfa6pynqht4wrqy2jxn6xw2jer3t7so7a4oy3s7rt3dq,s2.B04,20258,2025-06-19,S2A_43SFS_20250619_0_L2A,E84,2026-07-15T21:15:41Z,True,0.0921,0.0648,0.0921,matches-round,4,4,4,[921.0],[648],[921],0.0,0.0921,0.32732190324531985,0.5735719110816717,,True
yvfmzkrccwud3nl6cytvzmf4etailwdchsnsxq62wqfilvdthrpq,s2.B04,20276,2025-07-07,S2C_43SFS_20250707_0_L2A,E84,2026-07-15T21:15:45Z,True,0.0966,0.0661,0.0966,matches-round,5,4,5,[966.0],[661],[966],0.0,0.0966,0.32732190324531985,0.5735719110816717,,True
tte3ohmv7xpnm3cxvnt5kdd5uzmysyk74czvav2akxypkax5pqgq,s2.B04,20289,2025-07-20,S2C_43SFS_20250720_0_L2A,E84,2026-07-15T21:15:49Z,True,0.0766,0.0557,0.0766,matches-round,4,4,4,[766.0],[557],[766],0.0,0.0766,0.32732190324531985,0.5735719110816717,,True
7vf7bhlpye4vap5bqsau4kbjvyeo4htaxztmxmcfg4fkeumk3jpa,s2.B04,20311,2025-08-11,S2B_43SFS_20250811_0_L2A,E84,2026-07-15T21:15:53Z,True,0.1578,0.14,0.1578,matches-round,5,7,5,[1578.0],[1400],[1578],0.0,0.1578,0.32732190324531985,0.5735719110816717,,True
chyex6c3jxukmqvicbtsix4gpvpc76da2uy2zj4vuo2ufryeeewa,s2.B04,20321,2025-08-21,S2A_43SFS_20250821_1_L2A,E84,2026-07-15T21:16:01Z,True,0.0858,0.08320000000000001,0.0858,matches-round,5,4,5,[858.0],[832],[858],0.0,0.0858,0.32732190324531985,0.5735719110816717,,True
2jas36ypzkrkz5muvk57wcxz2anjqbblpi3rfknmk3b4spntxp7a,s2.B04,20346,2025-09-15,S2C_43SFS_20250915_0_L2A,E84,2026-07-15T21:16:07Z,True,0.0825,0.06760000000000001,0.0825,matches-round,5,4,5,[825.0],[676],[825],0.0,0.0825,0.32732190324531985,0.5735719110816717,,True
6em2ek4yb7hyqm25mgjs7fuots7m4v64t2i2kqq255kj432lascq,s2.B04,20356,2025-09-25,S2C_43SFS_20250925_0_L2A,E84,2026-07-15T21:16:11Z,True,0.07440000000000001,0.0722,0.07440000000000001,matches-round,5,4,5,[744.0],[722],[744],0.0,0.07440000000000001,0.32732190324531985,0.5735719110816717,,True
j2l6gn5jtwrb2te3mzdk4nykuhjy53mg63x662tfpj745kbrelsa,s2.B04,20361,2025-09-30,S2A_43SFS_20250930_1_L2A,E84,2026-07-15T21:16:16Z,True,0.0641,0.068,0.0641,matches-round,5,4,5,[641.0],[680],[641],0.0,0.0641,0.32732190324531985,0.5735719110816717,,True
lpdew7c5qqpb7egyjezeuhcbutcwg6sqz34vifhayly66qvofgoq,s2.B04,20376,2025-10-15,S2C_43SFS_20251015_0_L2A,E84,2026-07-15T21:16:22Z,True,0.0804,0.08650000000000001,0.0804,matches-round,5,4,5,[804.0],[865],[804],0.0,0.0804,0.32732190324531985,0.5735719110816717,,True
xvogdfvy46l54yfsubcigt6scsgxa4cheyivvyum2bvcfzjzw56q,s2.B04,20386,2025-10-25,S2C_43SFS_20251025_0_L2A,E84,2026-07-15T21:16:29Z,True,0.0746,0.0935,0.0746,matches-round,5,5,5,[746.0],[935],[746],0.0,0.0746,0.32732190324531985,0.5735719110816717,,True
rxdy44mcw2wbo2hegz7pk5kf7tbamh5rcbejtxap6l3wzjsen37a,s2.B04,20574,2026-05-01,S2B_43SFS_20260501_0_L2A,E84,2026-07-15T21:16:33Z,True,0.12380000000000001,0.1092,0.12380000000000001,matches-round,5,4,5,[1238.0],[1092],[1238],0.0,0.12380000000000001,0.32732190324531985,0.5735719110816717,,True
m43dtn3adrxfl3fgph5i45pkz7anuqegqvefnitylo2bf6w3dcaa,s2.B04,20586,2026-05-13,S2C_43SFS_20260513_0_L2A,E84,2026-07-15T21:16:37Z,True,0.11130000000000001,0.0981,0.11130000000000001,matches-round,5,4,5,[1113.0],[981],[1113],0.0,0.11130000000000001,0.32732190324531985,0.5735719110816717,,True
vdqqaq72mh53nfrrkj6jjf4pf2lnhiwlpbwarcvuperphybshvna,s2.B04,20596,2026-05-23,S2C_43SFS_20260523_0_L2A,E84,2026-07-15T21:16:42Z,True,0.11270000000000001,0.0975,0.11270000000000001,matches-round,5,4,5,[1127.0],[975],[1127],0.0,0.11270000000000001,0.32732190324531985,0.5735719110816717,,True
ce2m6gg66vwjsmfosbjwdeznczrpwizebzl6idgaf3w2wvdnvrua,s2.B04,20606,2026-06-02,S2C_43SFS_20260602_0_L2A,E84,2026-07-15T21:16:44Z,True,0.1102,0.0864,0.1102,matches-round,4,4,4,[1102.0],[864],[1102],0.0,0.1102,0.32732190324531985,0.5735719110816717,,True
aqxsbzg7qd3xwyymfapntekhcq7w2wgmhe47rf2p65mgv5d2eoja,s2.B04,20628,2026-06-24,S2A_43SFS_20260624_0_L2A,E84,2026-07-15T21:16:50Z,True,0.11270000000000001,0.0791,0.11270000000000001,matches-round,4,4,4,[1127.0],[791],[1127],0.0,0.11270000000000001,0.32732190324531985,0.5735719110816717,,True
bbsdnngwi4x6hl3avchpjfabccsy2ylvfpkodnht37rhut2nzbua,s2.B04,20634,2026-06-30,S2B_43SFS_20260630_0_L2A,E84,2026-07-15T21:13:46Z,True,0.1063,0.0562,0.1063,matches-round,5,4,5,[1063.0],[562],[1063],0.0,0.1063,0.32732190324531985,0.5735719110816717,,True
6kx2hho3xofvemkwvvbtxkgaa54a234b5wgoyohjkublz5rkdxua,s2.scl,20721,2026-09-25,S2A_MSIL2A_20260925T054251_R005_T43SFS_20260925T090015,PC,2026-09-30T10:01:53Z,False,4.0,4.0,5.0,matches-floor,-1,4,5,[4.0],[4],[5],-1000.0,4.0,0.16366095162265992,0.7867859555408359,reader=cog-pixel-floor@2,True
