cid,capture_date,scene,provider,signed_at,signed_prefix,ndvi_signed_served,ndvi_containing_pixel,ndvi_round_pixel,error,match_class,scl_signed,scl_containing,signed_dns,containing_dns
2dpnuf4eqjgmacmwq5hqoofpcslmsmehtui2mnul5x6pbh2ttnwq,2022-01-27,S2A_43SFS_20220127_1_L2A,E84,2026-07-16T05:40:19Z,True,-0.048604578237692105,-0.024390243902438994,-0.048604578237692105,-0.02421433433525311,matches-round,11,11,"[3034.0, 3344.0]","[5900, 6195]"
av3yiinq7ss65rp2zq5sez47fepcu2kgcbw6kdvwbmryhols3ecq,2022-02-01,S2B_43SFS_20220201_0_L2A,E84,2026-07-16T05:40:22Z,True,-0.011024040377208093,-0.035226912091399554,-0.011024040377208093,0.02420287171419146,matches-round,11,11,"[3723.0, 3806.0]","[6080, 6524]"
ambveemg22gb6sxg43zmyotgzkl2bdv42y4od64nvlj63qfjwisa,2022-02-08,S2B_43SFS_20220208_0_L2A,E84,2026-07-16T05:40:24Z,True,-0.00980392156862746,0.002277904328018153,-0.00980392156862746,-0.012081825896645613,matches-round,11,11,"[4040.0, 4120.0]","[6160, 6132]"
r47ns5s7yboyn5l2qmwstpw7z2fwvjgxb5zqowe76g2dkhbxdagq,2022-02-11,S2B_43SFS_20220211_0_L2A,E84,2026-07-16T05:40:25Z,True,-0.04433811802232854,-0.010312359886414612,-0.04433811802232854,-0.03402575813591392,matches-round,11,11,"[5992.0, 6548.0]","[6622, 6760]"
pawwouui324b5ohyalaehuzk3pe5th7wn2tz2mfeepe35izzq7yq,2022-02-13,S2A_43SFS_20220213_0_L2A,E84,2026-07-16T05:40:27Z,True,-0.01643690349946981,-0.030095238095238164,-0.01643690349946981,0.013658334595768356,matches-round,11,11,"[3710.0, 3834.0]","[5092, 5408]"
pdggyrzguuwuy3hhaslof2hkdmwupzmdap3e53yw7zsksja7xaxq,2023-01-27,S2B_43SFS_20230127_0_L2A,E84,2026-07-16T05:40:28Z,True,0.0017777777777777668,-0.02219927723283427,0.0017777777777777668,0.023977055010612036,matches-round,11,11,"[4508.0, 4492.0]","[7576, 7920]"
6bixwohsocr7ml4jrjga6zq2i3d4v4ir73z2wbhie7qzovzoadsq,2023-02-01,S2A_43SFS_20230201_0_L2A,E84,2026-07-16T05:40:30Z,True,-0.031200423056583833,-0.05301432623081962,-0.031200423056583833,0.021813903174235788,matches-round,11,11,"[3664.0, 3900.0]","[6511, 7240]"
gxatpd7rxcybtcqkguejubt5uu2mlzpjjjzgpuekugoxdxricisa,2023-02-03,S2B_43SFS_20230203_0_L2A,E84,2026-07-16T05:40:33Z,True,-0.029637760702524704,-0.036369101292455665,-0.029637760702524704,0.006731340589930961,matches-round,11,11,"[3536.0, 3752.0]","[6412, 6896]"
abq3ohgxtkhefaluiitasxj2x7g22xatcqgudn44z2vbnpqqp66a,2023-02-08,S2A_43SFS_20230208_0_L2A,E84,2026-07-16T05:40:35Z,True,-0.02461899179366937,-0.02781844802342604,-0.02461899179366937,0.003199456229756672,matches-round,11,11,"[3328.0, 3496.0]","[3984, 4212]"
w2aiub3fjkrkh4cezwsktlne3z2l7zciwtxl6tfpqjl3kf5g3osa,2023-02-13,S2B_43SFS_20230213_0_L2A,E84,2026-07-16T05:40:36Z,True,0.010460251046025113,0.008879781420764997,0.010460251046025113,0.0015804696252601155,matches-round,11,11,"[3864.0, 3784.0]","[5908, 5804]"
zgtxa5b3sz6sqqcuvqped63m2thrjfnsd5turq4uracpki3wstsa,2024-01-27,S2A_43SFS_20240127_0_L2A,E84,2026-07-16T05:40:39Z,True,0.1324651998203862,0.13161131611316104,0.1324651998203862,0.000853883707225167,matches-round,5,5,"[1261.0, 966.0]","[1840, 1412]"
uvpcasbwhfjyg7pwp2ad7hjrtvgzk4hfq7vg5wc7hhinzc35krva,2024-02-06,S2A_43SFS_20240206_0_L2A,E84,2026-07-16T05:40:40Z,True,-0.014266842800528368,-0.037395377409199085,-0.014266842800528368,0.023128534608670717,matches-round,11,11,"[3731.0, 3839.0]","[6268, 6755]"
jtqrz5afacn7qejs4m2gbzep3rxmddza7d6vbcy7mpnv2sbtlhmq,2024-02-08,S2B_43SFS_20240208_0_L2A,E84,2026-07-16T05:40:42Z,True,-0.005760368663594475,-0.017184401850627928,-0.005760368663594475,0.011424033187033453,matches-round,11,11,"[3452.0, 3492.0]","[5948, 6156]"
qwli4ej4zdadwr3cyvmpz5qpttleko44ydh3kqvbfab25dkk5dua,2024-02-11,S2B_43SFS_20240211_0_L2A,E84,2026-07-16T05:40:45Z,True,-0.02734374999999997,-0.005608974358974353,-0.02734374999999997,-0.021734775641025616,matches-round,11,11,"[2988.0, 3156.0]","[4964, 5020]"
qinwnmwkyifxztpojlfqpjjrobifnwmaltezctp7gwvyh23eugja,2025-01-28,S2C_43SFS_20250128_0_L2A,E84,2026-07-16T05:40:46Z,True,0.07730986800754236,0.09773712084737601,0.07730986800754236,-0.020427252839833654,matches-round,5,5,"[1714.0, 1468.0]","[2280, 1874]"
dhesyu6hlocjrkkjs6mgus7scl2qle43tpeu5zfiw66ozw4nv3bq,2025-01-31,S2C_43SFS_20250131_0_L2A,E84,2026-07-16T05:40:47Z,True,0.14350797266514806,0.1369627507163324,0.14350797266514806,0.006545221948815655,matches-round,5,5,"[1506.0, 1128.0]","[1984, 1506]"
l5bhccee7b4vt277nsnldnz3euxil26clvpytlx2clghhpfg4oyq,2025-02-02,S2B_43SFS_20250202_0_L2A,E84,2026-07-16T05:40:49Z,True,0.09228441754916789,0.14221472737492974,0.09228441754916789,-0.049930309825761854,matches-round,5,5,"[1444.0, 1200.0]","[2032, 1526]"
52rd5swgxsqrh4okxjjjvauuvgag6wqa37xwdx3n6oqferl3bh5a,2025-02-07,S2C_43SFS_20250207_0_L2A,E84,2026-07-16T05:40:52Z,True,0.018344075359444694,0.02994555353901994,0.018344075359444694,-0.011601478179575245,matches-round,11,11,"[4108.0, 3960.0]","[4540, 4276]"
odzwxq7gymlpn7lniohjifgc64lntae3pxka2m236y456d3ehura,2025-02-12,S2B_43SFS_20250212_0_L2A,E84,2026-07-16T05:40:54Z,True,0.04109589041095884,0.10606860158311349,0.04109589041095884,-0.06497271117215464,matches-round,5,5,"[1520.0, 1400.0]","[2096, 1694]"
fal3ndhgdh4ecws6nxluyqsajat6ghff3whmemni5mbwxhkhma4q,2025-09-25,S2C_MSIL2A_20250925T052701_R105_T43SFS_20250925T103607,PC,2026-09-30T09:20:35Z,False,0.6006637168141593,0.6006637168141593,0.45132743362831856,0.0,matches-floor,4,4,"[3894.0, 1722.0]","[3894, 1722]"
4qj3l4mgh7ch5kvxmkqspjdl6y42oqhm42khh3gostccpixkbz5q,2026-01-28,S2B_43SFS_20260128_0_L2A,E84,2026-07-16T05:40:55Z,True,-0.052199413489736016,-0.058049535603715216,-0.052199413489736016,0.0058501221139792,matches-round,11,11,"[3232.0, 3588.0]","[4868, 5468]"
aeg2w2m3d3am2nmfnugytlw5dc6ciwzderx66w3i4khodvdoxnoq,2026-02-02,S2C_43SFS_20260202_0_L2A,E84,2026-07-16T05:40:58Z,True,-0.01909854851031323,-0.01631240731586751,-0.01909854851031323,-0.002786141194445719,matches-round,11,11,"[5136.0, 5336.0]","[7960, 8224]"
sb5xeaw2s2i4jnlyawuabc7di3tgm5zh24ihc73nvch3le3do3ba,2026-02-05,S2C_43SFS_20260205_0_L2A,E84,2026-07-16T05:40:59Z,True,-0.024856994279771165,-0.03649816576509356,-0.024856994279771165,0.011641171485322392,matches-round,11,11,"[4688.0, 4927.0]","[7748, 8335]"
kxd7jgts5wcidgkszlgeycv3ry7npdxd3ullcad3xht26ncqcexa,2026-02-07,S2B_43SFS_20260207_0_L2A,E84,2026-07-16T05:41:02Z,True,-0.010737496467928787,-0.03281261678750284,-0.010737496467928787,0.02207512031957405,matches-round,11,11,"[3501.0, 3577.0]","[6470, 6909]"
27wcyyi4zvzgybvqzzdtese5ra5zsrj3jasy2fdvla5pyvsgmspq,2026-02-12,S2C_43SFS_20260212_0_L2A,E84,2026-07-16T05:41:04Z,True,-0.029639944300775857,-0.02582183967644927,-0.029639944300775857,-0.003818104624326586,matches-round,11,11,"[2439.0, 2588.0]","[4697, 4946]"
nh25ek6yx3sktt2iirfpvik53vivulghaomodra3ovmi7ti7dgmq,2026-06-10,S2B_43SFS_20260610_0_L2A,E84,2026-07-18T18:19:43Z,True,0.5429769392033543,0.6757033248081841,0.5429769392033543,-0.13272638560482974,matches-round,4,4,"[2944.0, 872.0]","[3276, 634]"
v7usyptgbm6x3ejgtw7jvur4i6e6exfeorpw2izfqnpytzebl5qa,2026-06-30,S2B_43SFS_20260630_0_L2A,E84,2026-07-15T19:37:40Z,True,0.44793560114256037,0.7281083696178037,0.44793560114256037,-0.2801727684752433,matches-round,5,4,"[2788.0, 1063.0]","[3572, 562]"
jwkqm6ehelmzrwupfwyq2oqotiarexr5bdrt4xbl3znuynhurqxq,2026-07-17,S2B_43SFS_20260717_0_L2A,E84,2026-07-18T07:37:57Z,True,0.4871541501976284,0.766884531590414,0.4871541501976284,-0.2797303813927856,matches-round,5,4,"[3010.0, 1038.0]","[4055, 535]"
kxjvfwpa7grmfhkxoxufq5xjltq2s5syer2rzdx7odbnrxhnjzkq,2026-09-23,S2C_MSIL2A_20260923T053641_R005_T43SFS_20260923T101809,PC,2026-09-25T19:35:27Z,True,0.34435075885328836,0.48602395892755273,0.34435075885328836,-0.14167320007426437,matches-round,5,4,"[2993.0, 1972.0]","[3605, 1901]"
oj5ceccile62uvm6hedpuk67cjt2pqc7z33mtsyuffgakxbxmyaa,2026-09-25,S2A_MSIL2A_20260925T054251_R005_T43SFS_20260925T090015,PC,2026-09-28T09:06:56Z,False,0.4708994708994709,0.4708994708994709,0.3015512674990541,0.0,matches-floor,4,4,"[3502.0, 1900.0]","[3502, 1900]"
