scene,cog_row,cog_col,B08_DN,B04_DN,ndvi,is_containing_pixel,is_round_pixel
S2C 2026-09-23,9441,9096,3700,1598,0.637356,False,False
S2C 2026-09-23,9441,9097,4213,1756,0.619048,False,False
S2C 2026-09-23,9441,9098,3891,1917,0.518382,False,False
S2C 2026-09-23,9441,9099,3698,2102,0.42,False,False
S2C 2026-09-23,9441,9100,3605,2230,0.35854,False,False
S2C 2026-09-23,9442,9096,3369,1638,0.575657,False,False
S2C 2026-09-23,9442,9097,3915,1867,0.541512,False,False
S2C 2026-09-23,9442,9098,3874,1825,0.553933,False,False
S2C 2026-09-23,9442,9099,3629,1934,0.475723,False,False
S2C 2026-09-23,9442,9100,3595,2134,0.391794,False,False
S2C 2026-09-23,9443,9096,3444,1982,0.426737,False,False
S2C 2026-09-23,9443,9097,3428,1951,0.437112,False,False
S2C 2026-09-23,9443,9098,3605,1901,0.486024,True,False
S2C 2026-09-23,9443,9099,3759,1827,0.538762,False,False
S2C 2026-09-23,9443,9100,3688,1956,0.475302,False,False
S2C 2026-09-23,9444,9096,3217,2145,0.318858,False,False
S2C 2026-09-23,9444,9097,2659,1842,0.326669,False,False
S2C 2026-09-23,9444,9098,2993,1972,0.344351,False,True
S2C 2026-09-23,9444,9099,3368,1966,0.420516,False,False
S2C 2026-09-23,9444,9100,3534,1894,0.478413,False,False
S2C 2026-09-23,9445,9096,3040,2622,0.114145,False,False
S2C 2026-09-23,9445,9097,2261,2078,0.078239,False,False
S2C 2026-09-23,9445,9098,2257,2014,0.107001,False,False
S2C 2026-09-23,9445,9099,2499,1965,0.216721,False,False
S2C 2026-09-23,9445,9100,2897,1777,0.418848,False,False
S2A 2026-09-25,9441,9096,3544,1654,0.590994,False,False
S2A 2026-09-25,9441,9097,4093,1654,0.650921,False,False
S2A 2026-09-25,9441,9098,3717,1927,0.491218,False,False
S2A 2026-09-25,9441,9099,3644,2095,0.414282,False,False
S2A 2026-09-25,9441,9100,3482,2143,0.369379,False,False
S2A 2026-09-25,9442,9096,3101,1651,0.52689,False,False
S2A 2026-09-25,9442,9097,3712,1795,0.546621,False,False
S2A 2026-09-25,9442,9098,3688,1892,0.501676,False,False
S2A 2026-09-25,9442,9099,3673,1890,0.500421,False,False
S2A 2026-09-25,9442,9100,3415,2069,0.386338,False,False
S2A 2026-09-25,9443,9096,3312,2003,0.394872,False,False
S2A 2026-09-25,9443,9097,3317,1934,0.425408,False,False
S2A 2026-09-25,9443,9098,3502,1900,0.470899,True,False
S2A 2026-09-25,9443,9099,3659,1798,0.538328,False,False
S2A 2026-09-25,9443,9100,3408,1928,0.443645,False,False
S2A 2026-09-25,9444,9096,2930,2039,0.300101,False,False
S2A 2026-09-25,9444,9097,2455,1730,0.331808,False,False
S2A 2026-09-25,9444,9098,2720,1923,0.301551,False,True
S2A 2026-09-25,9444,9099,3228,1943,0.405235,False,False
S2A 2026-09-25,9444,9100,3336,1827,0.477079,False,False
S2A 2026-09-25,9445,9096,2925,2592,0.094683,False,False
S2A 2026-09-25,9445,9097,2267,2118,0.062474,False,False
S2A 2026-09-25,9445,9098,2130,1975,0.073634,False,False
S2A 2026-09-25,9445,9099,2334,1873,0.208881,False,False
S2A 2026-09-25,9445,9100,2757,1704,0.427875,False,False
