cid,cell,band,tslot,capture_date,scene,provider,signed_at,prefix_bool,signed_value,floor_value,round_value,match_class,scl_signed,scl_floor,scl_round,signed_dns,floor_dns,round_dns,dn_offset,col_frac,row_frac,asset_res,reader_stamp,cid_ok,error
74jpkmthzekvn4fyfzlcuqjhnlcsnoc2z2awn4dnjdagydbdy6oq,defi.zb5f4.xOtA.divO,s2.B12,20617,2026-06-13,S2B_18TXP_20260613_0_L2A,E84,2026-06-16T09:06:29Z,True,0.0761,0.0828,0.0761,matches-round,4,4,4,[761.0],[828],[761],0.0,0.15115786115620722,0.6317247984929963,[20.0],,True,
ddpphpvxqhvyxxgmfxvqwzqiutyiwggx3njvde2i6xevjnhzyoya,defi.zb6da.zc99c.fOti,indices.savi,20704,2026-09-08,S2C_27WVM_20260908_0_L2A,E84,2026-09-15T03:18:20Z,True,0.6595419847328245,0.6461803561171741,0.6595419847328245,matches-round,4,4,4,"[5044.0, 436.0]","[4973, 473]","[5044, 436]",0.0,0.5787804898518516,0.6515531474724412,"[10.0, 10.0]",,True,
jj5umhofsahljtd6wv3bqkuws7h5eeuakt3za6kxpy6ouauyke7a,defi.zb5f4.zbb13.doti,indices.ndmi,20617,2026-06-13,S2B_18TXP_20260613_0_L2A,E84,2026-06-16T14:33:31Z,True,0.5428305400372438,0.5097353969046431,0.5428305400372438,matches-round,4,4,4,"[4971.0, 1473.0]","[4536, 1473]","[4971, 1473]",0.0,0.373358141117933,0.5681227371096611,"[10.0, 20.0]",,True,
byfatg62aonrdcysh5lmrxz2je7rutlopg6nsxv6ccmwz2n25wqa,defi.zb5e6.zceb9.sibi,indices.ndre,20671,2026-08-06,S2C_54TXN_20260806_0_L2A,E84,2026-08-16T18:24:46Z,True,0.3720570544767142,0.2964231876113471,0.3720570544767142,matches-round,5,5,5,"[3992.0, 1827.0]","[4730, 2567]","[3992, 1827]",0.0,0.6819091004435904,0.8114226003176555,"[20.0, 20.0]",,True,
kiggk5etliaswrytnch37pdpqjyf6b2rtwde73tgifg5ae6pwaza,defi.zb61d.xIfE.kUfI,indices.nbr,20682,2026-08-17,S2C_10TET_20260817_0_L2A,E84,2026-08-21T22:50:36Z,True,0.004120879120879048,0.23921568627450981,0.004120879120879048,matches-round,5,5,5,"[1462.0, 1450.0]","[474, 291]","[1462, 1450]",0.0,0.7711227744821372,0.7323991442099214,"[10.0, 20.0]",,True,
wbjj7drscl26towk3qidaqvp7wnffhnc6h3wlprrn7n7b7ug2ypa,defi.zb622.zc8a1.sizA,s2.B08,20711,2026-09-15,S2B_32UMU_20260915_0_L2A,E84,2026-09-15T19:29:07Z,True,0.2391,0.318,0.2391,matches-round,4,4,4,[2391.0],[3180],[2391],0.0,0.7096399391475643,0.6137156084178059,[10.0],,True,
q27egpoemqkulkb46hhcscun4eymg7lnzn4uanp3uiv7uz3ynwna,defi.zb5c1.mIcu.tike,indices.ndre,20674,2026-08-09,S2B_31SDD_20260809_0_L2A,E84,2026-08-11T18:47:48Z,True,0.3226010101010101,0.3226010101010101,0.3226010101010101,floor=round,4,4,4,"[2095.0, 1073.0]","[2095, 1073]","[2095, 1073]",0.0,0.281737012040594,0.355658285645859,"[20.0, 20.0]",,True,
pmvn67cfv3guo5gsv5ylmndjtjzgyl67aqzixw4vtfgmmhbczuuq,defi.zb5e3.zd779.mIcA,indices.urban_canopy_index,20651,2026-07-17,S2C_54TXN_20260717_0_L2A,E84,2026-07-25T23:02:09Z,True,1.1978369436534957,1.1718680450904406,1.1978369436534957,matches-round,4,4,4,"[4673.0, 316.0, 2141.0]","[4673, 316, 2292]","[4673, 316, 2141]",0.0,0.23972150636836886,0.024877197760361014,"[10.0, 10.0, 20.0]",,True,
bfk2gl6jiujtdqv4whofa5cvn6udlrnec2dg7vw3euk4hivcc6sq,defi.zb554.yUvI.wuta,s2.B04,20665,2026-07-31,S2B_36RUU_20260731_0_L2A,E84,2026-08-04T06:59:28Z,True,0.0439,0.0439,0.0439,floor=round,6,6,6,[439.0],[439],[439],0.0,0.4202947175826921,0.1848998000841675,[10.0],,True,
u65pqp6bh6gmmpbis5rm2rnq5pxgd52fedkrynwxvmic5r5snxbq,defi.zb589.zb54b.rexi,indices.ndbi,20657,2026-07-23,S2C_11SPU_20260723_0_L2A,E84,2026-07-30T08:13:19Z,True,0.18542713567839197,0.18375738884605503,0.18542713567839197,matches-round,5,5,5,"[2359.0, 1621.0]","[2303, 1588]","[2359, 1621]",0.0,0.20925599760380464,0.7797570361290127,"[20.0, 10.0]",,True,
dakxmijwd453lxrf7e46c6ag7m4zghuf4nn27mnclngoa747zjnq,defi.zb582.zbfce.coxi,indices.ndwi,20694,2026-08-29,S2B_14SLC_20260829_0_L2A,E84,2026-08-31T19:17:11Z,True,-0.32494353017102295,-0.3301727057229936,-0.32494353017102295,matches-round,5,5,5,"[1046.0, 2053.0]","[989, 1964]","[1046, 2053]",0.0,0.823785594367564,0.43315445994949187,"[10.0, 10.0]",,True,
wqydvk5an7pvhlj7moqgoltbngkmxhgkvlt5q5cppzgzzswijb3a,defi.zb649.zd55f.zfe38,indices.ndbi,20627,2026-06-23,S2A_30UXC_20260623_0_L2A,E84,2026-06-24T13:22:46Z,True,0.04891150692677405,0.019527834450597446,0.04891150692677405,matches-round,5,5,5,"[1855.0, 1682.0]","[1749, 1682]","[1855, 1682]",0.0,0.6055517594559205,0.1777804567009298,"[20.0, 10.0]",,True,
cvlamdiiwcl4anla6bsm6ed5dicnfhse3bw54mwl3uj2blwi324q,defi.zb530.yeye.fUqI,indices.urban_canopy_index,20721,2026-09-25,S2A_MSIL2A_20260925T054251_R005_T43RCK_20260925T103013,PC,2026-09-26T15:22:24Z,True,0.14602032702672865,0.14786172754051913,0.14602032702672865,matches-round,5,5,5,"[4020.0, 3155.0, 4894.0]","[4118, 3229, 4894]","[4020, 3155, 4894]",-1000.0,0.7325837618027435,0.269559242716241,"[10.0, 10.0, 20.0]",,True,
56bca6uozonkuvaxjbp44qwg5hqijhznkfl5zecrgggs5dadw42a,defi.zb64e.wopO.zc99b,indices.ndvi,20697,2026-09-01,S2B_31UET_20260901_0_L2A,E84,2026-09-18T23:36:54Z,True,-0.06926406926406932,-0.051170858629661704,-0.06926406926406932,matches-round,6,6,6,"[1075.0, 1235.0]","[1094, 1212]","[1075, 1235]",0.0,0.6683451685930777,0.14568054350093007,"[10.0, 10.0]",,True,
veez2oo56eqvbsnd6utrot4jb4fzelicgwlebrrld6v5a2ibb7hq,defi.zb40a.mIbi.zb8e3,indices.savi,20700,2026-09-04,S2B_20NMG_20260904_0_L2A,E84,2026-09-21T02:50:47Z,True,0.20308008213552364,0.21295420775361343,0.20308008213552364,matches-round,4,4,4,"[1647.0, 658.0]","[1727, 676]","[1647, 658]",0.0,0.05630583941274381,0.9812252168667328,"[10.0, 10.0]",,True,
wcqxtiwwtxts2g2m5rkgd5qo63vzi6dye22exbarhnvkibuj42ya,defi.zb61d.zb2ca.kOto,indices.urban_canopy_index,20672,2026-08-07,S2C_10TET_20260807_0_L2A,E84,2026-08-10T02:32:45Z,True,0.2952522865040005,0.45492312666139806,0.2952522865040005,matches-round,5,5,5,"[1477.0, 801.0, 1492.0]","[1598, 647, 1378]","[1477, 801, 1492]",0.0,0.29438737615691934,0.9145140379669101,"[10.0, 10.0, 20.0]",,True,
znl2tk3ju2urtu5o3epvbx2zrx2pphcc422fx3b4fjqoocz76ndq,defi.zb655.yAnO.pUla,s2.B11,20692,2026-08-27,S2A_32UQD_20260827_0_L2A,E84,2026-09-01T04:10:39Z,True,0.18680000000000002,0.1487,0.18680000000000002,matches-round,5,5,5,[1868.0],[1487],[1868],0.0,0.8996913582086563,0.494323292048648,[20.0],,True,
3e5k5q445qhzi6wz6iajcnaxj5wlgugr76vi4ox4iaegbdgmqbkq,defi.zb57c.sIhu.dova,indices.savi,20664,2026-07-30,S2C_12SUC_20260730_0_L2A,E84,2026-08-01T18:08:49Z,True,0.07407952871870395,0.07407952871870395,0.07407952871870395,floor=round,5,5,5,"[2844.0, 2341.0]","[2844, 2341]","[2844, 2341]",0.0,0.4822590663206938,0.4725127493493346,"[10.0, 10.0]",,True,
ojcbq427n3gio7wtdtkz4jwtvarfppbbiu7jds7l6woqf7fcyigq,defi.zb5a7.zc71f.dIpi,s2.B08,20693,2026-08-28,S2B_30SUG_20260828_0_L2A,E84,2026-08-30T12:30:24Z,True,0.2489,0.25320000000000004,0.2489,matches-round,5,5,5,[2489.0],[2532],[2489],0.0,0.8439555308432318,0.13075254405885062,[10.0],,True,
4gddv226hozzdqd5i5uxwzzkl7jcaf2s5ngd5trzgrqodvq62eua,defi.zb611.fIbI.zde2b,indices.ndmi,20602,2026-05-29,S2A_32TPS_20260529_0_L2A,E84,2026-06-17T10:24:23Z,True,0.5200775945683802,0.22307157748436413,0.5200775945683802,matches-round,11,11,11,"[3918.0, 1237.0]","[3520, 2236]","[3918, 1237]",0.0,0.8901526243425906,0.37639327608030726,"[10.0, 20.0]",,True,
eswk6w7n664zvfz2zq6cwwip55vmfgolni4iy5zubrbqk6htwxbq,defi.zb567.zc09e.xeqo,indices.ndmi,20618,2026-06-14,S2C_29RNQ_20260614_0_L2A,E84,2026-06-16T12:47:03Z,True,-0.0375631313131313,-0.03693226465503696,-0.0375631313131313,matches-round,5,5,5,"[3049.0, 3287.0]","[3064, 3299]","[3049, 3287]",0.0,0.9858432397704746,0.29237003154122476,"[10.0, 20.0]",,True,
sgdojkbedbonq52t5b4245fyenqgscr5xlwenfy6r6ni2uxvs5kq,defi.zb61d.tOpa.kOsO,s2.B03,20704,2026-09-08,S2B_10TET_20260908_0_L2A,E84,2026-09-15T14:29:27Z,True,0.16140000000000002,0.18910000000000002,0.16140000000000002,matches-round,5,5,5,[1614.0],[1891],[1614],0.0,0.6721525535685942,0.952944048307927,[10.0],,True,
5ybka462ombmux67isqs2nd7nookit2wlm2mtjqgc3zj5eck4o6a,defi.zb61d.xOli.kUle,indices.ndsi,20682,2026-08-17,S2C_10TET_20260817_0_L2A,E84,2026-08-20T22:03:29Z,True,-0.0020306442680450244,0.1413706494438464,-0.0020306442680450244,matches-round,5,5,5,"[2703.0, 2714.0]","[3181, 2393]","[2703, 2714]",0.0,0.1250459465318272,0.6683503046633632,"[10.0, 20.0]",,True,
hl6ey2zb4g243rigwlyw7h6ov6k7bcszfhn47aoseljgqrobmtpq,defi.zb5f4.zafd3.doti,indices.urban_canopy_index,20694,2026-08-29,S2B_18TXP_20260829_0_L2A,E84,2026-09-06T09:49:24Z,True,1.2600424643486645,1.3118354962775574,1.2600424643486645,matches-round,3,3,3,"[3337.0, 202.0, 1355.0]","[4261, 242, 1537]","[3337, 202, 1355]",0.0,0.5718233902589418,0.4680640292353928,"[10.0, 10.0, 20.0]",,True,
yd7pa526q6c4jt44ttm2tbgauxumpsd6iujroor4ubzimt23ilyq,defi.zb623.jiro.zcfdc,indices.nbr,20668,2026-08-03,S2B_32UNU_20260803_0_L2A,E84,2026-08-04T14:11:04Z,True,0.4669365721997301,0.4258660508083141,0.4669365721997301,matches-round,4,4,4,"[3261.0, 1185.0]","[3087, 1243]","[3261, 1185]",0.0,0.5747228205782449,0.3063123424535661,"[10.0, 20.0]",,True,
ux2otlqgl5gxc53clhuovhr6vbigpvtwsimoso674py4vqow7yfa,defi.zb5f4.tUvA.diwE,s2.B03,20617,2026-06-13,S2B_18TXP_20260613_0_L2A,E84,2026-06-17T20:00:24Z,True,0.0673,0.056,0.0673,matches-round,4,4,4,[673.0],[560],[673],0.0,0.3196608235120948,0.6770940174346833,[10.0],,True,
oai5eaq6ct52ury5afxrvwjkgonotj7gvxkq7fih2teo3ptbfmbq,defi.zb61d.xOli.kUla,s2.B08,20649,2026-07-15,S2C_10TET_20260715_0_L2A,E84,2026-07-30T13:46:49Z,True,0.4063,0.45680000000000004,0.4063,matches-round,5,5,5,[4063.0],[4568],[4063],0.0,0.47988177250408626,0.6740121751090555,[10.0],,True,
dy7egriaocdkpluplbfp5tlqkpo4bnvtk6sm5lrfx4ogblze3cea,defi.zb5e9.zc639.vune,s2.B11,20661,2026-07-27,S2C_54TYN_20260727_0_L2A,E84,2026-08-11T02:37:01Z,True,0.1012,0.1178,0.1012,matches-round,4,4,4,[1012.0],[1178],[1012],0.0,0.6112137614516087,0.0004982495679541898,[20.0],,True,
6mkyowh4p32453v6w252eg7u6danpw2blqtiw4xpbd4btkjioghq,defi.zb519.faci.modA,indices.bsi,20667,2026-08-02,S2B_38RPN_20260802_0_L2A,E84,2026-08-02T11:55:04Z,True,0.16295468225986756,0.18759787034137174,0.16295468225986756,matches-round,5,5,5,"[4111.0, 2651.0, 3101.0, 1766.0]","[3568, 2120, 2488, 1403]","[4111, 2651, 3101, 1766]",0.0,0.5663551275092686,0.7926218480570242,"[20.0, 10.0, 10.0, 10.0]",,True,
rl7j6ttzzgnp5kjcmxxm35rj3whgjedh7ojbwktawhddz4n2u6eq,defi.zb519.duxu.miwU,indices.urban_canopy_index,20672,2026-08-07,S2C_38RPN_20260807_0_L2A,E84,2026-08-08T06:37:38Z,True,0.07739179427445167,0.09205343368605015,0.07739179427445167,matches-round,5,5,5,"[3350.0, 2827.0, 3980.0]","[3167, 2571, 3980]","[3350, 2827, 3980]",0.0,0.6991015789917583,0.3405357508454472,"[10.0, 10.0, 20.0]",,True,
ahdymfzru5m7jh3xy7jmv4rbordqgjvzypyz24cm5lktav7xjnxa,defi.zb5dc.cAra.qUyU,indices.urban_canopy_index,20672,2026-08-07,S2B_16TDM_20260807_0_L2A,E84,2026-08-16T21:06:55Z,True,0.395582460360128,0.22214770614360843,0.395582460360128,matches-round,5,5,5,"[1639.0, 707.0, 1653.0]","[1071, 638, 1372]","[1639, 707, 1653]",0.0,0.11211564138102403,0.711169495154536,"[10.0, 10.0, 20.0]",,True,
dlgh56iwr5xjmnatacvqqefmljvmimjbqahgdybyvn3gn2nlk2ya,defi.zb65e.zfb9e.ze3d4,indices.ndmi,20602,2026-05-29,S2B_29UPV_20260529_0_L2A,E84,2026-06-16T14:59:36Z,True,0.017543859649122823,-0.276419394944053,0.017543859649122823,matches-round,5,5,5,"[1595.0, 1540.0]","[873, 1540]","[1595, 1540]",0.0,0.6773930839153763,0.05620826845915872,"[10.0, 20.0]",,True,
xwm4zvuluy2nlcrdlviswwdr55grmoi5wft2ff3thuew5wsmykyq,defi.zb64a.fewI.zfa4a,indices.ndmi,20687,2026-08-22,S2A_30UXC_20260822_0_L2A,E84,2026-08-23T22:32:14Z,True,0.12000000000000001,0.0862470862470863,0.12000000000000001,matches-round,3,3,3,"[266.0, 209.0]","[233, 196]","[266, 209]",0.0,0.58318064633022,0.8299108800474642,"[10.0, 20.0]",,True,
jacv76q7f3x2pp5p4nhzyng6srjfiolt3v2zybraw6jx5k7tjosq,defi.zb410.qene.bazU,indices.ndbi,20654,2026-07-20,S2A_37NEB_20260720_0_L2A,E84,2026-07-29T13:13:11Z,True,0.06849993806515547,0.08724659994867846,0.06849993806515547,matches-round,5,5,5,"[4313.0, 3760.0]","[4237, 3557]","[4313, 3760]",0.0,0.8334105817893942,0.12116906895539614,"[20.0, 10.0]",,True,
7heyrvvj3fn3hhpf7wezqm3ieu5mjomp4iykbjeaxlinox4lw7vq,defi.zb61d.wUxa.kUgo,indices.savi,20702,2026-09-06,S2C_10TET_20260906_0_L2A,E84,2026-09-08T10:09:39Z,True,0.08381655245123881,0.036713286713286726,0.08381655245123881,matches-round,5,5,5,"[1506.0, 1082.0]","[1309, 1127]","[1506, 1082]",0.0,0.8420902307143479,0.5922071974723622,"[10.0, 10.0]",,True,
bk6zlwvzuxxyjnuahkdgvrus2drl5zvelnvqlfygeg75hq3s7pya,defi.zb55d.qAtA.yEda,indices.ndmi,20655,2026-07-21,S2B_36RUU_20260721_0_L2A,E84,2026-07-23T08:08:30Z,True,0.3624717407686511,0.44813776531838206,0.3624717407686511,matches-round,5,5,5,"[1808.0, 846.0]","[1808, 689]","[1808, 846]",0.0,0.10460079545191547,0.31043140520341694,"[10.0, 20.0]",,True,
urymcvrcejsvhhegjzwvt6eluiulsm2223clfzz7k6jocacf2ncq,defi.zb556.kuwI.woyI,indices.mndwi,20685,2026-08-20,S2B_36RUU_20260820_0_L2A,E84,2026-08-23T08:29:05Z,True,-0.2880243730958519,-0.3447516515781746,-0.2880243730958519,matches-round,5,5,5,"[1519.0, 2748.0]","[1339, 2748]","[1519, 2748]",0.0,0.044659849570507504,0.92281585074943,"[10.0, 20.0]",,True,
wsfqjczep5qiqbwxdbnop37do7r3z5u6ienkfibncthdnh724jea,defi.zb600.cEjA.zafc3,s2.B04,20703,2026-09-07,S2C_32TNQ_20260907_0_L2A,E84,2026-09-12T08:33:30Z,True,0.1655,0.17220000000000002,0.1655,matches-round,5,5,5,[1655.0],[1722],[1655],0.0,0.9733698473892218,0.17635613894094604,[10.0],,True,
vimyyijwosgloqd4dz5eljyrwpcwba7w4rsv3xht3x535ky3c3ra,defi.zb4ad.howU.wUmu,s2.B11,20608,2026-06-04,S2B_43PFS_20260604_0_L2A,E84,2026-08-05T07:48:18Z,True,0.1037,0.1106,0.1037,matches-round,6,6,6,[1037.0],[1106],[1037],0.0,0.9071887965083079,0.0001257017138414085,[20.0],,True,
jny5kemqr4qdvvygduilspkou7kbf7m3y6ljo7z7nlmvpxoym6ra,defi.zb604.ze052.vOna,indices.ndsi,20720,2026-09-24,S2B_MSIL2A_20260924T155909_R097_T18TVR_20260924T200659,PC,2026-09-25T21:20:02Z,True,-0.5180722891566265,-0.42028985507246375,-0.5180722891566265,matches-round,5,5,5,"[1140.0, 1441.0]","[1180, 1441]","[1140, 1441]",-1000.0,0.2941172714399727,0.6442152771169276,"[10.0, 20.0]",,True,
lmhotzewqtc7hoyfvaciltiuhiys3qiiehki2om4pns26kewocaq,defi.zb519.jUsi.mokA,indices.ndmi,20617,2026-06-13,S2B_38RPN_20260613_0_L2A,E84,2026-06-16T12:47:04Z,True,-0.13122923588039867,-0.06573776348695962,-0.13122923588039867,matches-round,5,5,5,"[2615.0, 3405.0]","[2615, 2983]","[2615, 3405]",0.0,0.03551760303071205,0.4717434964604763,"[10.0, 20.0]",,True,
5xhe6p7u445prz2zcko243uy765lxclx3vgn4ap7wltcupyns2oq,defi.zb553.zc965.xetA,indices.ndvi,20670,2026-08-05,S2C_36RUU_20260805_0_L2A,E84,2026-08-06T04:56:31Z,True,0.05491647494248269,0.07031963470319638,0.05491647494248269,matches-round,5,5,5,"[5273.0, 4724.0]","[4688, 4072]","[5273, 4724]",0.0,0.8847629972151481,0.27720904806665203,"[10.0, 10.0]",,True,
pdbur2pxou73ivisefam4qgljkrfsajhh7d44ai2zhs7235tjhha,defi.zb661.hofU.zc681,s2.B03,20621,2026-06-17,S2B_32UNE_20260617_0_L2A,E84,2026-06-17T20:00:40Z,True,0.0473,0.037700000000000004,0.0473,matches-round,6,5,6,[473.0],[377],[473],0.0,0.7339647347689606,0.9548755981031718,[10.0],,True,
zpgankoeo4fxqfurndxggklocpqf5pkguislq7744fm5st6kdcmq,defi.zb5e9.zc639.kuqE,indices.ndbi,20676,2026-08-11,S2A_54TWN_20260811_1_L2A,E84,2026-08-16T16:50:03Z,True,-0.01368835552222019,-0.010110893672537572,-0.01368835552222019,matches-round,4,5,4,"[2630.0, 2703.0]","[3035, 3097]","[2630, 2703]",0.0,0.9618788102352482,0.9441686803008906,"[20.0, 10.0]",,True,
hfgkodezjgdysc5dj5g3a2oqylx4hnuvakfxuz37nfaytse5x4pa,defi.zb5e9.zc639.sibi,indices.mndwi,20629,2026-06-25,S2B_54TXN_20260625_0_L2A,E84,2026-07-23T05:02:18Z,True,-0.3793441018110622,-0.4784329244163039,-0.3793441018110622,matches-round,4,4,4,"[634.0, 1409.0]","[659, 1868]","[634, 1409]",0.0,0.14178181790066446,0.8829631471076027,"[10.0, 20.0]",,True,
dmerwf2duciyttn36g3tkohbeg75g5ftxqwcc6u4uosgksiuoija,defi.zb62d.rUdO.nOzU,s2.B12,20702,2026-09-06,S2A_32UQV_20260906_0_L2A,E84,2026-09-15T15:04:43Z,True,0.0826,0.0795,0.0826,matches-round,4,4,4,[826.0],[795],[826],0.0,0.25182020374904823,0.823517208546491,[20.0],,True,
hsqkpa7mugzcyx24zwi7xbnau7bwcvgpcbj7cutyqyf762kpyyra,defi.zb533.kAni.yudI,indices.bsi,20662,2026-07-28,S2C_42RXQ_20260728_0_L2A,E84,2026-08-03T12:27:28Z,True,0.29718309859154923,0.2923763179237631,0.29718309859154923,matches-round,5,5,5,"[4283.0, 2164.0, 2876.0, 617.0]","[4283, 2091, 2795, 695]","[4283, 2164, 2876, 617]",0.0,0.019385901640816883,0.28722533769905567,"[20.0, 10.0, 10.0, 10.0]",,True,
g2m73yuxdoj3hbzxfyzg5qyqff264bjlukxpjf4ispzuqqywfonq,defi.zb564.ze965.qinO,indices.ndsi,20688,2026-08-23,S2B_36RTV_20260823_0_L2A,E84,2026-08-25T09:49:10Z,True,-0.14776966747769668,-0.14147443135989676,-0.14776966747769668,matches-round,6,6,6,"[2627.0, 3538.0]","[2661, 3538]","[2627, 3538]",0.0,0.4703626043683471,0.6322164562529906,"[10.0, 20.0]",,True,
bhabbu35qgmryhw2q2uwjrl5sovwoygrxok42jxsuh3mc5h4665a,defi.zb622.zb7e1.sihA,indices.ndti,20721,2026-09-25,S2B_MSIL2A_20260925T103019_R108_T32UMU_20260925T145653,PC,2026-09-27T15:38:59Z,True,-0.062314540059347175,-0.16923076923076927,-0.062314540059347175,matches-round,4,4,4,"[1474.0, 1537.0]","[1378, 1532]","[1474, 1537]",-1000.0,0.10528928388384884,0.5280761390922635,"[10.0, 10.0]",,True,
4m6lxxr376eb42kpijmrjgsydxgfitfbkzleyuulrdgjesgnqsmq,defi.zb61d.zAfi.lahi,s2.B12,20689,2026-08-24,S2C_10TET_20260824_0_L2A,E84,2026-08-28T16:49:18Z,True,0.0718,0.0718,0.0718,floor=round,4,4,4,[718.0],[718],[718],0.0,0.21438482001531156,0.08363286438407158,[20.0],,True,
4sg5kgxdach7c7pa3lo2o6nbttptwjugfxziv6ocqjmxe4zh4cfq,defi.zb5a1.zd29f.jOlu,indices.ndti,20650,2026-07-16,S2B_30SUF_20260716_0_L2A,E84,2026-07-23T07:53:36Z,True,0.051241747878025795,0.05392339159538866,0.051241747878025795,matches-round,5,5,5,"[1672.0, 1509.0]","[1417, 1272]","[1672, 1509]",0.0,0.5824775166574909,0.33122321669952726,"[10.0, 10.0]",,True,
yjyxytjznikcupyd5qnjf5rvlccuoy6cdgcxowwqq5qwd2yhzosq,defi.zb431.zc713.hibi,indices.ndwi,20702,2026-09-06,S2B_18NZK_20260906_0_L2A,E84,2026-09-22T02:44:50Z,True,-0.45522388059701485,-0.4451403386685223,-0.45522388059701485,matches-round,4,4,4,"[1168.0, 3120.0]","[1196, 3115]","[1168, 3120]",0.0,0.6251965148142062,0.6028492799378,"[10.0, 10.0]",,True,
kilngwx3wyf2vauuyivmcpirwq7xh4czxl65bz75pgxrlwpvrema,defi.zb519.cUsE.mowi,indices.ndre,20667,2026-08-02,S2B_38RPN_20260802_0_L2A,E84,2026-08-02T14:24:41Z,True,0.024934985467339726,0.051065162907268195,0.024934985467339726,matches-round,5,5,5,"[3350.0, 3187.0]","[3355, 3029]","[3350, 3187]",0.0,0.5940876065114935,0.16856606726059908,"[20.0, 20.0]",,True,
wbd6kbaxhjeikh7rzave3nvehtpccmo4o5fjhagy4adklepyj73a,defi.zb61d.xIna.kUfO,indices.bsi,20682,2026-08-17,S2C_10TET_20260817_0_L2A,E84,2026-08-21T22:03:55Z,True,0.23838307517944846,0.12512000000000006,0.23838307517944846,matches-round,5,5,5,"[1160.0, 479.0, 546.0, 462.0]","[1160, 598, 728, 639]","[1160, 479, 546, 462]",0.0,0.20398240617350893,0.3864337665959283,"[20.0, 10.0, 10.0, 10.0]",,True,
gxolc6u4lqpqq546n36aubph2uev7uhcvnqrzx5psw6rvjgte3eq,defi.zb61d.yEra.kUjA,indices.bsi,20649,2026-07-15,S2C_10TET_20260715_0_L2A,E84,2026-07-26T18:42:56Z,True,0.05347500435464205,0.01572444777236983,0.05347500435464205,matches-round,5,5,5,"[1737.0, 1287.0, 1714.0, 1003.0]","[1716, 997, 1876, 753]","[1737, 1287, 1714, 1003]",0.0,0.7884157535736449,0.0017688104417175055,"[20.0, 10.0, 10.0, 10.0]",,True,
wstxcef4diddn4egb2jn5ft7xgdpfr4bt6aq6vw3evzoygg5tznq,defi.zb61d.yIgO.kUfa,indices.ndwi,20674,2026-08-09,S2A_10TET_20260809_1_L2A,E84,2026-08-11T13:39:03Z,True,-0.14926419060967067,-0.08405501782985225,-0.14926419060967067,matches-round,5,5,5,"[1821.0, 2460.0]","[1798, 2128]","[1821, 2460]",0.0,0.9804449614257464,0.29307543439790606,"[10.0, 10.0]",,True,
d3epruw32xuecz252o7pgdjwklwck7wqvao6epqbyw3j6y3mqgsq,defi.zb635.zf161.zcfdb,s2.B08,20668,2026-08-03,S2A_32UNA_20260803_2_L2A,E84,2026-08-04T02:47:09Z,True,0.069,0.0868,0.069,matches-round,7,7,7,[690.0],[868],[690],0.0,0.7144159369872796,0.27198806749584037,[10.0],,True,
5rcgwnj5p5akqkybknrgouuku5uds3gw5dgtzdxkoswtlljj3e6a,defi.zb5c3.zdc0a.zf8af,indices.bsi,20713,2026-09-17,S2C_11SLD_20260917_0_L2A,E84,2026-09-18T14:25:28Z,True,0.17607973421926915,0.14698423199911784,0.17607973421926915,matches-round,5,5,5,"[3184.0, 1949.0, 2317.0, 1279.0]","[3140, 2061, 2484, 1384]","[3184, 1949, 2317, 1279]",0.0,0.5646413957756522,0.2813362432643771,"[20.0, 10.0, 10.0, 10.0]",,True,
bqvyrnty5w4dma4u5cz2uj73icj66fhh6hzkctwvchuhqene56nq,defi.zb5b0.pubI.pIwI,indices.evi,20662,2026-07-28,S2A_11SNC_20260728_1_L2A,E84,2026-07-31T22:21:36Z,True,0.04054006415905809,0.040550933370621545,0.04054006415905809,matches-round,5,5,5,"[2673.0, 2443.0, 1753.0]","[2605, 2373, 1672]","[2673, 2443, 1753]",0.0,0.5440666448321281,0.296134527772665,"[10.0, 10.0, 10.0]",,True,
hezvo35au4m5vqqa3x5valrtujkshukweybuou4itk45bn7eheia,defi.zb41c.zfba6.zota,s2.B02,20685,2026-08-20,S2C_37NCC_20260820_0_L2A,E84,2026-08-21T13:53:20Z,True,0.1343,0.14400000000000002,0.1343,matches-round,5,5,5,[1343.0],[1440],[1343],0.0,0.5838972473634385,0.452206137299072,[10.0],,True,
nh25ek6yx3sktt2iirfpvik53vivulghaomodra3ovmi7ti7dgmq,defi.zb572.xoso.zb1ec,indices.ndvi,20614,2026-06-10,S2B_43SFS_20260610_0_L2A,E84,2026-07-18T18:19:43Z,True,0.5429769392033543,0.6757033248081841,0.5429769392033543,matches-round,4,4,4,"[2944.0, 872.0]","[3276, 634]","[2944, 872]",0.0,0.32732190324531985,0.5735719110816717,"[10.0, 10.0]",,True,
qc2nce6j3ns4cjwihmzdbmplzzo6c75cg747o6y4gnteu3fh5ulq,defi.zb4ad.gixA.wuhI,s2.B12,20713,2026-09-17,S2C_43PFS_20260917_1_L2A,E84,2026-09-20T08:08:36Z,True,0.039900000000000005,0.040100000000000004,0.039900000000000005,matches-round,6,6,6,[399.0],[401],[399],0.0,0.8976351320102367,0.10691367464607993,[20.0],,True,
2wkl25ej6a4pffwokhyjdi37h73jpgecwkewdqt42f4s74dko43a,defi.zb5f4.zbb13.dujE,indices.savi,20681,2026-08-16,S2A_18TXP_20260816_0_L2A,E84,2026-08-23T12:07:29Z,True,0.6329555361813427,0.6301929996728819,0.6329555361813427,matches-round,4,4,4,"[4024.0, 152.0]","[4012, 159]","[4024, 152]",0.0,0.6914892062777653,0.17905290983617306,"[10.0, 10.0]",,True,
632zclffswb4btbfrlwgox62jqsckvgaq7itqbxkjahnt5a5lg5a,defi.zb403.zcb67.hAsi,indices.evi,20652,2026-07-18,S2C_37NFA_20260718_0_L2A,E84,2026-07-30T15:37:39Z,True,0.11806117998878575,0.11747930938284613,0.11806117998878575,matches-round,5,5,5,"[2472.0, 1714.0, 894.0]","[2433, 1675, 847]","[2472, 1714, 894]",0.0,0.4310385591115846,0.8000803475752036,"[10.0, 10.0, 10.0]",,True,
62wg6daujuwcdf5wrsr2g3b6a3atvlimscsyepia64vcpowm2a5a,defi.zb623.guyU.tIrI,indices.bsi,20618,2026-06-14,S2C_30UWU_20260614_0_L2A,E84,2026-06-16T09:55:34Z,True,-0.22148587373561213,-0.21008984105044923,-0.22148587373561213,matches-round,4,4,4,"[1592.0, 640.0, 3213.0, 289.0]","[1646, 640, 3213, 289]","[1592, 640, 3213, 289]",0.0,0.625544610829138,0.057820953987629764,"[20.0, 10.0, 10.0, 10.0]",,True,
yebui6scmztduobsbd7oj32eiaswrr3vpee5ypkoml6kddpwgywa,defi.zb5b0.nIro.pIyO,indices.ndvi,20362,2025-10-01,S2A_11SNC_20251001_1_L2A,E84,2026-08-10T14:47:36Z,True,0.03825956489122276,0.039852398523985255,0.03825956489122276,matches-round,5,5,5,"[2768.0, 2564.0]","[2818, 2602]","[2768, 2564]",0.0,0.5845517063044099,0.12532157972418645,"[10.0, 10.0]",,True,
u65hsbvi2obi7s6nog2hjlyp2wksj5kvddsyjvoe62zerial2owa,defi.zb533.gUhO.yoyO,indices.ndti,20662,2026-07-28,S2C_42RXQ_20260728_0_L2A,E84,2026-08-04T17:13:50Z,True,0.17245606865549648,0.15615041427660933,0.17245606865549648,matches-round,5,5,5,"[2869.0, 2025.0]","[2721, 1986]","[2869, 2025]",0.0,0.1105048879981041,0.8861734579782024,"[10.0, 10.0]",,True,
ujfpit7mzhvidq27jgmdoxdqqqiayrq7fuv4exnvbg26br4wm7zq,defi.zb59f.zea0a.xAfU,s2.B02,20668,2026-08-03,S2B_10SGF_20260803_0_L2A,E84,2026-08-03T23:55:39Z,True,0.13770000000000002,0.1381,0.13770000000000002,matches-round,5,5,5,[1377.0],[1381],[1377],0.0,0.7669425341300666,0.36426425953413855,[10.0],,True,
ywovrl6t2txwsgsjb4lbqmyw3jizp6lauxb4e3klnliehifzh2eq,defi.zb561.suyI.wAre,s2.B11,20660,2026-07-26,S2C_36RUV_20260726_0_L2A,E84,2026-07-27T15:32:13Z,True,0.1689,0.1689,0.1689,floor=round,4,4,4,[1689.0],[1689],[1689],0.0,0.45612808507280533,0.18652971591791356,[20.0],,True,
rggisugq4udgdx6dk7flrrzpqrkz6hb2lwwl5dko3dky62n2ixea,defi.zb555.zd025.vOna,indices.evi,20690,2026-08-25,S2C_36RUU_20260825_0_L2A,E84,2026-08-26T08:30:51Z,True,0.046135307281804136,0.036175959868801885,0.046135307281804136,matches-round,5,5,5,"[2004.0, 1736.0, 1053.0]","[2072, 1847, 1014]","[2004, 1736, 1053]",0.0,0.38202971484270165,0.7970851452091665,"[10.0, 10.0, 10.0]",,True,
bzcct2vdn5afptva3cv2dlzsnxkwpabdsfaa27bjjpag73yfu6ra,defi.zb622.zotA.sihA,s2.B11,20698,2026-09-02,S2A_32UMU_20260902_1_L2A,E84,2026-09-06T07:02:43Z,True,0.2731,0.2851,0.2731,matches-round,4,4,4,[2731.0],[2851],[2731],0.0,0.7162995350051915,0.222066213004382,[20.0],,True,
upfo7slyvn77swnl2rcbjvip2kqo3xs5g7k7fhcn7qr6ptzqktfq,defi.zb4f9.zddaf.zce81,s2.B02,20606,2026-06-02,S2B_45QXE_20260602_0_L2A,E84,2026-07-28T20:34:54Z,True,0.2335,0.2335,0.2335,floor=round,6,6,6,[2335.0],[2335],[2335],0.0,0.09387967912516615,0.1769403357993724,[10.0],,True,
2gv63xu6v2mirg26dupw6ax6ghexoz4cfmqluw5qd6jb4ivpzhpa,defi.zb64a.fEdo.zf9da,indices.evi,20690,2026-08-25,S2A_30UXC_20260825_1_L2A,E84,2026-09-05T08:03:27Z,True,0.01048966656251394,0.01048966656251394,0.01048966656251394,floor=round,5,5,5,"[873.0, 826.0, 617.0]","[873, 826, 617]","[873, 826, 617]",0.0,0.3707633296617132,0.0866647838611243,"[10.0, 10.0, 10.0]",,True,
dphsygql7vz2ibgyd6or5suji7oswjtbdeod6sq6ieqxofvabklq,defi.zb5a0.zf00a.xOji,indices.ndsi,20713,2026-09-17,S2C_10SGF_20260917_0_L2A,E84,2026-09-19T23:11:31Z,True,-0.306267244777296,-0.31463559154651394,-0.306267244777296,matches-round,5,5,5,"[1760.0, 3314.0]","[1735, 3328]","[1760, 3314]",0.0,0.019113585876766592,0.6176161387465982,"[10.0, 20.0]",,True,
ybkbk3u7m5lhbki3t7e4v6z3rlueehxacwhffdmnwmism46talza,defi.zb61d.zahO.kUdi,indices.mndwi,20704,2026-09-08,S2B_10TET_20260908_0_L2A,E84,2026-09-10T14:06:36Z,True,0.1400799222378227,0.2083440638681432,0.1400799222378227,matches-round,5,5,5,"[5278.0, 3981.0]","[4692, 3074]","[5278, 3981]",0.0,0.7362765171565115,0.7990489978342339,"[10.0, 20.0]",,True,
ybcjwpyrazyheudtz26rgsydajmewgrh2q3kdatxxoifzhg3qmuq,defi.zb590.sahe.mAzA,indices.bsi,20662,2026-07-28,S2A_11SNU_20260728_1_L2A,E84,2026-07-30T15:22:58Z,True,0.18281890783509602,0.17626139142031558,0.18281890783509602,matches-round,5,5,5,"[3302.0, 2178.0, 2493.0, 1293.0]","[3144, 2148, 2413, 1293]","[3302, 2178, 2493, 1293]",0.0,0.4822137091541663,0.8226490143686647,"[20.0, 10.0, 10.0, 10.0]",,True,
y6nbyf3taksmn5mlrou5t3zqgpsg7bfzylypxng2wfitfrmwwy3q,defi.zb5c2.zc260.vime,s2.B03,20711,2026-09-15,S2A_31SDD_20260915_1_L2A,E84,2026-09-18T17:19:08Z,True,0.037000000000000005,0.0327,0.037000000000000005,matches-round,4,4,4,[370.0],[327],[370],0.0,0.400449602118897,0.8928922367281302,[10.0],,True,
kglfizqvcairj6zjmhepz2d2javtynufjvf4gwl4eegmf2gyamua,defi.zb620.saku.nEvi,s2.B11,20680,2026-08-15,S2C_33UUP_20260815_0_L2A,E84,2026-08-20T00:48:42Z,True,0.2214,0.2142,0.2214,matches-round,4,4,4,[2214.0],[2142],[2214],0.0,0.12011161154941874,0.5355369438884736,[20.0],,True,
3boglmgnr3chifx6c3lygfy63nm5liegx5pfsbq2r27x5lvhrnkq,defi.zb61d.zEkO.kOwu,indices.bsi,20674,2026-08-09,S2A_10TET_20260809_1_L2A,E84,2026-08-10T08:36:21Z,True,0.15100087032201917,0.15100087032201917,0.15100087032201917,floor=round,5,5,5,"[1619.0, 1026.0, 1170.0, 781.0]","[1619, 1026, 1170, 781]","[1619, 1026, 1170, 781]",0.0,0.07707929259049706,0.022892925934911545,"[20.0, 10.0, 10.0, 10.0]",,True,
rzilhe46npc5odtlqzw7eebo5dk7rdiuzc6crha2o3dsyag3tzsa,defi.zb5da.zf1b8.zf376,indices.ndsi,20676,2026-08-11,S2A_54TVM_20260811_0_L2A,E84,2026-08-16T21:56:33Z,True,-0.6380952380952382,-0.6633574007220217,-0.6380952380952382,matches-round,4,4,4,"[437.0, 1978.0]","[373, 1843]","[437, 1978]",0.0,0.586433552222843,0.8552221984600692,"[10.0, 20.0]",,True,
ttcs673rg7iglxqlavrixfu6x42j7iu76birf6gx54cemzdolewa,defi.zb655.vAbO.pUme,indices.ndti,20678,2026-08-13,S2B_32UQD_20260813_0_L2A,E84,2026-08-14T04:12:08Z,True,0.057109557109557126,0.10144927536231883,0.057109557109557126,matches-round,5,5,5,"[907.0, 809.0]","[722, 589]","[907, 809]",0.0,0.02881481191070634,0.9961180625487032,"[10.0, 10.0]",,True,
vwsaznuzaccnhnxx2feucm3c4e2mkncrxoowmuibvzl52l37c3vq,defi.zb5c1.mIcu.tOdo,indices.ndvi,20671,2026-08-06,S2A_31SDD_20260806_1_L2A,E84,2026-08-07T11:20:35Z,True,0.08235981308411215,0.17930750206100582,0.08235981308411215,matches-round,5,5,5,"[3706.0, 3142.0]","[2861, 1991]","[3706, 3142]",0.0,0.10190207273080887,0.7182703681291969,"[10.0, 10.0]",,True,
nwasnn22uphjmkrrpn77irlhzaoijddirmawxrtfsbjfg4yrxjfa,defi.zb57d.ze2de.zisi,indices.bsi,20618,2026-06-14,S2C_29SPT_20260614_0_L2A,E84,2026-06-16T15:00:12Z,True,0.0916478555304741,0.12318764994263062,0.0916478555304741,matches-round,5,5,5,"[2683.0, 2153.0, 2466.0, 1558.0]","[3172, 2212, 2654, 1549]","[2683, 2153, 2466, 1558]",0.0,0.12181757090729661,0.8592930146260187,"[20.0, 10.0, 10.0, 10.0]",,True,
stb7oh7sxvhb3qted23ybebwy74p2d7kl3n5sqdd5arr5bt6zu3q,defi.zb4ad.hopA.wUmA,indices.bsi,20693,2026-08-28,S2C_43PFS_20260828_0_L2A,E84,2026-09-02T10:15:06Z,True,-0.043593130779392385,-0.05343028770154924,-0.043593130779392385,matches-round,6,6,6,"[549.0, 899.0, 496.0, 1084.0]","[549, 948, 520, 1146]","[549, 899, 496, 1084]",0.0,0.37115626969625737,0.4720415300805598,"[20.0, 10.0, 10.0, 10.0]",,True,
dujlhxhskjys6wkhrgl3ci5ykhzjea2b2256b73mysu6cqllroaq,defi.zb5c0.wawi.voxu,indices.ndre,20671,2026-08-06,S2A_31SDD_20260806_1_L2A,E84,2026-08-07T09:59:48Z,True,0.14459506430309355,0.14459506430309355,0.14459506430309355,floor=round,5,5,5,"[3293.0, 2461.0]","[3293, 2461]","[3293, 2461]",0.0,0.25995499046075565,0.2921716665382519,"[20.0, 20.0]",,True,
qtv2bco56qw4pmlohk56dotoxyl3atmnjpmzrijj2kazw2mj57oq,defi.zb4e3.zaeed.fEya,indices.ndvi,20621,2026-06-17,S2B_43QCC_20260617_0_L2A,E84,2026-08-08T18:43:37Z,True,0.4253807106598985,0.4854320987654321,0.4253807106598985,matches-round,3,3,3,"[2106.0, 849.0]","[1504, 521]","[2106, 849]",0.0,0.5371728848494968,0.9875878638595168,"[10.0, 10.0]",,True,
wvevavceaz5viyorlsrnix5utpgcqwzaobd3fnvgnkcgb5hjn6wq,defi.zb554.zf5a5.wOra,indices.ndmi,20715,2026-09-19,S2B_36RUU_20260919_0_L2A,E84,2026-09-22T04:10:54Z,True,-0.0150902721638373,-0.0619786988322854,-0.0150902721638373,matches-round,5,5,5,"[3655.0, 3767.0]","[3655, 4138]","[3655, 3767]",0.0,0.2828565455683929,0.12798108663446328,"[10.0, 20.0]",,True,
ywbkdo57nknxsu6bgor6sbxntxn2uzbgoq7huf3wtzutq4n3gtxq,defi.zb5f4.zb313.dudi,indices.ndbi,20612,2026-06-08,S2C_18TXP_20260608_0_L2A,E84,2026-06-16T09:55:29Z,True,-0.4129244249726177,-0.41622930964876864,-0.4129244249726177,matches-round,4,4,4,"[1608.0, 3870.0]","[1446, 3508]","[1608, 3870]",0.0,0.13605300406379683,0.7673412690405712,"[20.0, 10.0]",,True,
5x3ulzytle7c2hghdy6qr7xgxa4a2mpgptjpjktiybyrkcsjcm7a,defi.zb533.kOwE.yufI,indices.ndsi,20702,2026-09-06,S2C_42RXQ_20260906_0_L2A,E84,2026-09-07T03:15:57Z,True,-0.3101803547473542,-0.31582786287381476,-0.3101803547473542,matches-round,5,5,5,"[2314.0, 4395.0]","[2345, 4510]","[2314, 4395]",0.0,0.39140658002543205,0.9784393298439227,"[10.0, 20.0]",,True,
d35n5driqb7zqpia4mnhgkzjinb3vosjsyxm3amh7gmmbpv25o5q,defi.zb5ef.zb4b9.zUlU,indices.ndti,20681,2026-08-16,S2C_54TYP_20260816_0_L2A,E84,2026-08-26T22:19:14Z,True,-0.4507370054305663,-0.4632174616006468,-0.4507370054305663,matches-round,4,4,4,"[354.0, 935.0]","[332, 905]","[354, 935]",0.0,0.6676687311146452,0.09043540824222873,"[10.0, 10.0]",,True,
6ud4c734l4ovhklr7itxugbid2j5qhat3liidrvhouf65pakgvta,defi.zb61d.wuzE.kUkA,s2.B03,20674,2026-08-09,S2A_10TET_20260809_1_L2A,E84,2026-08-11T20:55:59Z,True,0.14250000000000002,0.1453,0.14250000000000002,matches-round,5,5,5,[1425.0],[1453],[1425],0.0,0.6221313304149589,0.6739156934431776,[10.0],,True,
er2q2oi3ju7mz6eb2qm53q7ksidqh3itp3dananesfdkxligxrfq,defi.zb61d.yEra.kUhi,s2.B04,20682,2026-08-17,S2C_10TET_20260817_0_L2A,E84,2026-08-21T00:16:02Z,True,0.1373,0.1373,0.1373,floor=round,5,5,5,[1373.0],[1373],[1373],0.0,0.19006740344957507,0.07693725544959307,[10.0],,True,
4gz4intl5i36iso55ywv336lmr3sjjwoot5acmnkqrqik7x2m22a,defi.zb477.zb1ae.dIrE,indices.evi,20662,2026-07-28,S2B_44PKS_20260728_1_L2A,E84,2026-08-07T08:07:13Z,True,0.037013196009011894,0.07488318841476625,0.037013196009011894,matches-round,5,5,5,"[2610.0, 2380.0, 1514.0]","[2935, 2451, 1531]","[2610, 2380, 1514]",0.0,0.6927693715442729,0.15734192703394,"[10.0, 10.0, 10.0]",,True,
xql4n6fswkjhw4ybo7mx3rq6h2gx66z4ntypdair2y6kimw22dcq,defi.zb519.japi.morA,s2.B02,20617,2026-06-13,S2B_38RPN_20260613_0_L2A,E84,2026-06-16T08:56:41Z,True,0.2546,0.2546,0.2546,floor=round,5,5,5,[2546.0],[2546],[2546],0.0,0.4870164418589411,0.34952184772100736,[10.0],,True,
2z7fgewgc43ctqki2sjguubayp7g2makq6tdo2ehqu6y2t5yl2hq,defi.zb5f4.vUpo.dume,s2.B11,20612,2026-06-08,S2C_18TXP_20260608_0_L2A,E84,2026-06-16T09:46:33Z,True,0.16620000000000001,0.16620000000000001,0.16620000000000001,floor=round,4,4,4,[1662.0],[1662],[1662],0.0,0.017010767949614092,0.36784393233256196,[20.0],,True,
iyu6egfn7zk54x7ykord4aa2f4w5dbad6driaslggggdhbvmdyaq,defi.zb554.zd86d.ze638,indices.ndre,20711,2026-09-15,S2B_43RGP_20260915_0_L2A,E84,2026-09-19T19:27:35Z,True,-0.2522281639928699,-0.2522281639928699,-0.2522281639928699,floor=round,6,6,6,"[839.0, 1405.0]","[839, 1405]","[839, 1405]",0.0,0.029571614519227296,0.07200056486772155,"[20.0, 20.0]",,True,
rl37zahffbjdweajk6zxdzqws7367s4xtxzt3bs3r3kv7lbbyooa,defi.zb6da.jiyi.guvo,s2.B03,20704,2026-09-08,S2C_27WVM_20260908_0_L2A,E84,2026-09-15T03:41:19Z,True,0.0673,0.07150000000000001,0.0673,matches-round,4,4,4,[673.0],[715],[673],0.0,0.5101050350695004,0.7200269712138834,[10.0],,True,
lovg2laj7enmf6mve4ug2x5mfv4wl22thnzzofvvo55i3inxy2aq,defi.zb5ef.zb4b9.kuqE,s2.B12,20676,2026-08-11,S2A_54TWP_20260811_0_L2A,E84,2026-08-17T12:23:55Z,True,0.1265,0.1265,0.1265,floor=round,4,4,4,[1265.0],[1265],[1265],0.0,0.35338414873695,0.08991607301868498,[20.0],,True,
7r2sdalsm5yvrc6mtgy56a7i6kga3i5pgo2yofbaxbn56ms3pika,defi.zb533.lexE.yugO,indices.ndti,20674,2026-08-09,S2A_42RXQ_20260809_0_L2A,E84,2026-08-10T03:16:59Z,True,0.14278060541119747,0.1178571428571429,0.14278060541119747,matches-round,5,5,5,"[2133.0, 1600.0]","[2191, 1729]","[2133, 1600]",0.0,0.610819145129426,0.31984703685157,"[10.0, 10.0]",,True,
x2wzazql3wr7zrfkrvdsfxfjjhljdy2sm73rsp7ovne6c5s77d4q,defi.zb62f.zd14a.fukA,s2.B04,20682,2026-08-17,S2C_10UDV_20260817_0_L2A,E84,2026-08-18T18:30:04Z,True,0.2581,0.2275,0.2581,matches-round,5,5,5,[2581.0],[2275],[2581],0.0,0.7826406947679061,0.5059625854719343,[10.0],,True,
3fxrzhhsssa4gfw4yotmv5b6hfd4kexk5ziufuirfko2mhdcorxa,defi.zb61d.wusi.kOra,indices.evi,20712,2026-09-16,S2C_MSIL2A_20260916T191031_R056_T10TET_20260916T223713,PC,2026-09-25T18:46:37Z,True,0.1215223681281994,0.08985906994785157,0.1215223681281994,matches-round,5,5,5,"[2153.0, 1607.0, 1475.0]","[2123, 1706, 1501]","[2153, 1607, 1475]",-1000.0,0.6226750526930118,0.49623269848507334,"[10.0, 10.0, 10.0]",,True,
ymbb2m7kkkt3t2wivum5e7cj7eze2ihcowjizcutxvgecjutw62q,defi.zb533.gixu.yoyO,s2.B11,20662,2026-07-28,S2C_42RXQ_20260728_0_L2A,E84,2026-08-03T13:51:44Z,True,0.4703,0.4703,0.4703,floor=round,5,5,5,[4703.0],[4703],[4703],0.0,0.2131997194901487,0.42853623684493414,[20.0],,True,
z5oqpsemzlfyg2o7ui4zoydro2supl2keqhm3vjv5ovzjyx7gnyq,defi.zb5ec.zbd79.hidI,indices.savi,20704,2026-09-08,S2C_54TWN_20260908_0_L2A,E84,2026-09-09T10:32:51Z,True,0.5972712680577849,0.5705960705960705,0.5972712680577849,matches-round,4,4,4,"[4033.0, 312.0]","[3718, 291]","[4033, 312]",0.0,0.5002991829414896,0.26965401284394375,"[10.0, 10.0]",,True,
xs3emggjsj65bjsl3p4qpazc65gminpkdx5oxpsjd57t2cmx4hsa,defi.zb519.gadu.mowi,s2.B03,20687,2026-08-22,S2B_38RPN_20260822_0_L2A,E84,2026-08-23T20:12:38Z,True,0.3275,0.2795,0.3275,matches-round,5,5,5,[3275.0],[2795],[3275],0.0,0.4022375787844794,0.6452392120381774,[10.0],,True,
6jxaaj2j2rl3iqqkmwwyzdo7qavwg3nfally6egrj3fprdvwtnsq,defi.zb5f0.zfbb2.resA,indices.evi,20659,2026-07-25,S2C_48TUP_20260725_0_L2A,E84,2026-07-30T15:20:15Z,True,0.06974897275646559,0.07205195859549421,0.06974897275646559,matches-round,5,5,5,"[2091.0, 1687.0, 1031.0]","[2126, 1700, 1006]","[2091, 1687, 1031]",0.0,0.6062264090869576,0.989182453509784,"[10.0, 10.0, 10.0]",,True,
hxyn3h6yu7dc2xj4raywuvi3x6uec67cyzlgyynevohi7n6fqhwq,defi.zb64a.dahA.zfa4a,indices.ndbi,20690,2026-08-25,S2A_30UXC_20260825_1_L2A,E84,2026-09-05T09:25:47Z,True,-0.0917276308384918,-0.04357181280258201,-0.0917276308384918,matches-round,5,5,5,"[807.0, 970.0]","[889, 970]","[807, 970]",0.0,0.5042096783872694,0.04634539731796394,"[20.0, 10.0]",,True,
ur3umumxuaesfqyy3krqaiseq7i3ypprvmysmpunjimc4oasw7xa,defi.zb5e0.ze039.sibi,indices.mndwi,20669,2026-08-04,S2B_54TXM_20260804_0_L2A,E84,2026-08-20T19:58:24Z,True,-0.5408118725447403,-0.6104014598540147,-0.5408118725447403,matches-round,4,4,4,"[526.0, 1765.0]","[427, 1765]","[526, 1765]",0.0,0.6417992670667445,0.8570466276257775,"[10.0, 20.0]",,True,
evjhltftnrc537kkrit4njbi2nquc3l65zec6h7ona4m4l42277q,defi.zb5f4.zitU.dite,s2.B04,20617,2026-06-13,S2B_18TXP_20260613_0_L2A,E84,2026-06-16T09:45:32Z,True,0.044000000000000004,0.0417,0.044000000000000004,matches-round,4,4,4,[440.0],[417],[440],0.0,0.38800961491688213,0.7345464027484923,[10.0],,True,
mc5icv3i2mcudujxoa2uhsdefgxpjtmiovxmzqr4dpexebdgx4gq,defi.zb622.zd421.sirE,indices.ndti,20696,2026-08-31,S2C_32UMU_20260831_0_L2A,E84,2026-09-02T15:37:16Z,True,-0.05141388174807193,-0.05141388174807193,-0.05141388174807193,floor=round,7,7,7,"[738.0, 818.0]","[738, 818]","[738, 818]",0.0,0.03906360735982162,0.2721451717425225,"[10.0, 10.0]",,True,
gcb275iwdy5xkic6yy3skmeat3hlp5hiniymyttpnt4gd55r4poq,defi.zb623.jika.kEgE,indices.mndwi,20650,2026-07-16,S2C_32UQU_20260716_0_L2A,E84,2026-07-23T05:34:30Z,True,-0.46952988972722004,-0.4905500705218618,-0.46952988972722004,matches-round,5,5,5,"[914.0, 2532.0]","[903, 2642]","[914, 2532]",0.0,0.36823747302423726,0.5755380887540014,"[10.0, 20.0]",,True,
yhby6a44jhnqf77332gxxjgky43xvu2nnnfxbiv4jeopdaqnjqqq,defi.zb519.hiba.mojO,indices.urban_canopy_index,20687,2026-08-22,S2B_38RPN_20260822_0_L2A,E84,2026-08-26T13:57:47Z,True,0.08941045518653105,0.05575049382062013,0.08941045518653105,matches-round,5,5,5,"[3027.0, 2483.0, 3658.0]","[3044, 2681, 3880]","[3027, 2483, 3658]",0.0,0.6341695348146459,0.6825555214654742,"[10.0, 10.0, 20.0]",,True,
kgmppgknepzoahddjfuymayxqi52x6c5jehttkqyxnoid7v4ry6a,defi.zb59f.qAqO.yIre,s2.B08,20668,2026-08-03,S2B_10SGF_20260803_0_L2A,E84,2026-08-04T01:18:06Z,True,0.2778,0.2778,0.2778,floor=round,5,5,5,[2778.0],[2778],[2778],0.0,0.3292654180431782,0.05630980539172015,[10.0],,True,
nraqahr23tdug6b3guc5dtvabhoibed6yk6qpxheef5pykoftqxq,defi.zb5c2.dora.tOdo,indices.ndre,20704,2026-09-08,S2B_31SDD_20260908_0_L2A,E84,2026-09-11T20:32:28Z,True,0.24696132596685086,0.24696132596685086,0.24696132596685086,floor=round,5,5,5,"[2257.0, 1363.0]","[2257, 1363]","[2257, 1363]",0.0,0.17277953059237916,0.4321340916678764,"[20.0, 20.0]",,True,
eio4nhkfbjqidoogu3hzwjnzh4ju2qfuwzymw3cpe2vh3x6kem2a,defi.zb4d8.rApa.zf31f,indices.ndmi,20649,2026-07-15,S2C_42QZG_20260715_0_L2A,E84,2026-08-18T03:11:10Z,True,-0.036333608587943794,-0.08344786962497547,-0.036333608587943794,matches-round,3,3,3,"[2334.0, 2510.0]","[2334, 2759]","[2334, 2510]",0.0,0.4091058877766045,0.3137946361202921,"[10.0, 20.0]",,True,
k4cyclcuosdf4pbmdrizgpe3ambpzhmvie7ln6pijqiug2pcaybq,defi.zb565.vumo.rusi,indices.mndwi,20655,2026-07-21,S2A_36RTV_20260721_1_L2A,E84,2026-07-25T05:59:35Z,True,-0.5696299122472339,-0.5562500000000001,-0.5696299122472339,matches-round,4,4,4,"[564.0, 2057.0]","[568, 1992]","[564, 2057]",0.0,0.40042905883183266,0.5595895626115635,"[10.0, 20.0]",,True,
qsjsvbr4xzy2dq5jf3xno6yt7eblqtfypnuznhhy4g2sahudndqq,defi.zb61d.yoqa.kUgA,indices.nbr,20669,2026-08-04,S2C_10TET_20260804_0_L2A,E84,2026-08-06T13:50:23Z,True,0.3586717892425905,0.24557351809083908,0.3586717892425905,matches-round,5,5,5,"[4951.0, 2337.0]","[4045, 2450]","[4951, 2337]",0.0,0.757458263216904,0.6554179533386559,"[10.0, 20.0]",,True,
rij2wh2jotcvrorbioln7p2pcgvizw35fquehckx3xpxujqibnrq,defi.zb5a3.zcedf.yeba,indices.ndsi,20667,2026-08-02,S2A_30SWF_20260802_1_L2A,E84,2026-08-04T19:54:23Z,True,0.04806714140386572,0.07572227399813607,0.04806714140386572,matches-round,5,5,5,"[4121.0, 3743.0]","[4617, 3967]","[4121, 3743]",0.0,0.5250107389874756,0.773331926111041,"[10.0, 20.0]",,True,
25dwiflbb3zvfivb3hejd2tvfhdmex7j4kwd22bqz3vrhi2vqfda,defi.zb533.jila.yoxI,indices.ndmi,20617,2026-06-13,S2B_42RXQ_20260613_0_L2A,E84,2026-06-18T04:45:35Z,True,-0.10413573700954407,-0.10413573700954407,-0.10413573700954407,floor=round,5,5,5,"[4224.0, 5206.0]","[4224, 5206]","[4224, 5206]",0.0,0.09296715437631065,0.14157690415163415,"[10.0, 20.0]",,True,
ia6k5gwsctx2qqagukfg4kqfquqxubtyaaomrdu6scifbyem5zgq,defi.zb61d.yoxu.kUhu,indices.ndre,20669,2026-08-04,S2C_10TET_20260804_0_L2A,E84,2026-08-06T15:10:30Z,True,0.05737704918032786,0.05737704918032786,0.05737704918032786,floor=round,5,5,5,"[2838.0, 2530.0]","[2838, 2530]","[2838, 2530]",0.0,0.2777155535818565,0.3253799013793923,"[20.0, 20.0]",,True,
uvvlob7ikdc3xsldvceug5mqfz5zjtma6so64lcoqmx63mowwbkq,defi.zb556.ze125.vUhu,indices.bsi,20665,2026-07-31,S2B_36RUU_20260731_0_L2A,E84,2026-08-04T01:05:25Z,True,-0.07312252964426874,-0.14836223506743734,-0.07312252964426874,matches-round,6,6,6,"[169.0, 300.0, 97.0, 446.0]","[143, 299, 120, 476]","[169, 300, 97, 446]",0.0,0.3545430310246047,0.5595664059278533,"[20.0, 10.0, 10.0, 10.0]",,True,
dq5tdtpjogltk5rcfrg6blxyfeq6x37lxh6encgiwsul7wa6ob3q,defi.zb5e9.zc639.xEza,s2.B12,20671,2026-08-06,S2C_54TYN_20260806_0_L2A,E84,2026-08-16T01:56:35Z,True,0.10200000000000001,0.10200000000000001,0.10200000000000001,floor=round,4,4,4,[1020.0],[1020],[1020],0.0,0.18793698408398996,0.08219699282199144,[20.0],,True,
76na2kwtfl2kkaffijq5dhr4yhz7t2yntflx7scqx5kjd3bvs53a,defi.zb440.zbd5e.zcf13,indices.ndvi,0,2026-05-08,S2A_29NQG_20260508_0_L2A,E84,2026-05-17T09:25:22Z,True,0.8137089991589571,0.8475545204319287,0.8137089991589571,matches-round,,4,4,"[4313.0, 443.0]","[4363, 360]","[4313, 443]",0.0,0.8635882310336456,0.40076303924433887,"[10.0, 10.0]",,True,
n23wkymqbaa2gibxsfmk253ay2xwze3b4vajur5bpgordtd7ffaq,defi.zb5aa.qama.zb089,indices.ndbi,20683,2026-08-18,S2C_10SGG_20260818_0_L2A,E84,2026-08-21T09:51:31Z,True,0.15700141442715698,0.07196710075394101,0.15700141442715698,matches-round,4,5,4,"[3272.0, 2384.0]","[3128, 2708]","[3272, 2384]",0.0,0.7954176275757163,0.5882810227108166,"[20.0, 10.0]",,True,
zn7v6jmaxmpmz6kw6nk6omujewwpc5n4x5j47exsa3j2w26za6kq,defi.zb519.hiba.mopI,indices.ndvi,20352,2025-09-21,S2C_38RPN_20250921_0_L2A,E84,2026-08-02T09:35:35Z,True,0.060123784261715295,0.060123784261715295,0.060123784261715295,floor=round,5,5,5,"[2398.0, 2126.0]","[2398, 2126]","[2398, 2126]",0.0,0.18427646134477982,0.15949716898649058,"[10.0, 10.0]",,True,
ef6agkk4y2lopurijqhooklu5r6qi7x4eel2sprqolyyqe7hvvnq,defi.zb5cc.gAho.nocu,s2.B03,20678,2026-08-13,S2C_30TVK_20260813_0_L2A,E84,2026-08-17T13:27:52Z,True,0.1148,0.1148,0.1148,floor=round,5,5,5,[1148.0],[1148],[1148],0.0,0.30864154613209394,0.03752183038750445,[10.0],,True,
r6svk6747dwddqgj7u2bgywck4o2sigco4vgcrqknsuwpeltjzva,defi.zb5b7.zedde.pido,s2.B12,20699,2026-09-03,S2B_29SMC_20260903_0_L2A,E84,2026-09-04T19:10:40Z,True,0.0805,0.1322,0.0805,matches-round,4,4,4,[805.0],[1322],[805],0.0,0.7987647642876254,0.9152003342751414,[20.0],,True,
y3cwbpth4yvnyvgimhvjmiwx7f4vag6pamyhsglbxld3ekpnpnpa,defi.zb57c.zIji.dodu,s2.B03,20619,2026-06-15,S2B_12SUC_20260615_0_L2A,E84,2026-06-16T09:45:44Z,True,0.1471,0.1791,0.1471,matches-round,5,5,5,[1471.0],[1791],[1471],0.0,0.9290865846960514,0.8715802633669227,[10.0],,True,
xcuhmdxovzb5qwoqu2o7rj4cuqr2lbuckiaymls2z3hnemyusqda,defi.zb522.lIkO.zfcc9,indices.ndre,20664,2026-07-30,S2B_42RZP_20260730_0_L2A,E84,2026-08-08T14:16:27Z,True,0.10727418065547561,0.13160658032901648,0.10727418065547561,matches-round,5,5,5,"[3463.0, 2792.0]","[3233, 2481]","[3463, 2792]",0.0,0.5619150703078049,0.02275331630380606,"[20.0, 20.0]",,True,
doni2n2waczh3rgz4sabalicumw5azlsh2kniikom6d5v7dmb5xa,defi.zb61d.yAlu.kUmo,s2.B02,20689,2026-08-24,S2C_10TET_20260824_0_L2A,E84,2026-08-25T10:31:42Z,True,0.0328,0.0639,0.0328,matches-round,5,5,5,[328.0],[639],[328],0.0,0.6741696414301259,0.660639367159547,[10.0],,True,
cmqjo3gjfzgvkum73d4hmpmbmikrf5knpdttaaxgau2fxftcqjjq,defi.zb5b3.yAlu.kAqu,indices.nbr,20651,2026-07-17,S2B_10SEH_20260717_0_L2A,E84,2026-07-25T20:00:48Z,True,-0.05754276827371699,-0.07680126682501978,-0.05754276827371699,matches-round,5,5,5,"[2424.0, 2720.0]","[2332, 2720]","[2424, 2720]",0.0,0.4615206875723743,0.8018886006439061,"[10.0, 20.0]",,True,
mgm5t2urw5aymvymrab7lval4czxbtbspsyddnqkjpqrjuu6xwta,defi.zb59b.zde1e.zf510,s2.B04,20663,2026-07-29,S2B_29SQA_20260729_0_L2A,E84,2026-07-31T05:32:57Z,True,0.2404,0.2316,0.2404,matches-round,5,5,5,[2404.0],[2316],[2404],0.0,0.46679454951117805,0.6847456722061906,[10.0],,True,
e3kbaturqf4br722237zdk7uzbj2zd5zwjomct6o2hyzuukg7toq,defi.zb4fb.koco.zdcd4,indices.ndre,20638,2026-07-04,S2C_45QYE_20260704_0_L2A,E84,2026-08-19T13:06:56Z,True,-0.25686591276252024,-0.24836065573770497,-0.25686591276252024,matches-round,6,6,6,"[920.0, 1556.0]","[917, 1523]","[920, 1556]",0.0,0.4456060189404525,0.7575244964800731,"[20.0, 20.0]",,True,
vgomjpbkoa2dkmyq2jlklpj4okfcsyyhxvsq6ldlahja7gruki5a,defi.zb5f4.yUde.dobA,s2.B08,20659,2026-07-25,S2C_18TXP_20260725_0_L2A,E84,2026-07-25T23:22:04Z,True,0.3563,0.3659,0.3563,matches-round,4,4,4,[3563.0],[3659],[3563],0.0,0.7462350017394783,0.9525239697659345,[10.0],,True,
4gjouw43jrfanc7fy7ai34ipjph5ndwxuc2uhriabq3wecotvq3q,defi.zb564.zeda5.qipa,indices.mndwi,20685,2026-08-20,S2A_36RTV_20260820_1_L2A,E84,2026-08-22T19:28:27Z,True,-0.19999999999999996,-0.19999999999999996,-0.19999999999999996,floor=round,5,5,5,"[2198.0, 3297.0]","[2198, 3297]","[2198, 3297]",0.0,0.4958839799219277,0.4920609375926688,"[10.0, 20.0]",,True,
3o7kkvkxc6u3axenzr2ty45qaphp4c2fcek5oxcua5v7gtostrqa,defi.zb567.zd49e.xejU,indices.ndwi,20688,2026-08-23,S2C_29RNQ_20260823_0_L2A,E84,2026-08-24T20:33:26Z,True,-0.16419919246298784,-0.19861030689056164,-0.16419919246298784,matches-round,5,5,5,"[1863.0, 2595.0]","[2076, 3105]","[1863, 2595]",0.0,0.314472589210709,0.5925603779964135,"[10.0, 10.0]",,True,
kvfy4tdxyspbtfh3ba65zw2iwx5grhtm4e5giemdrhle5jq3mhvq,defi.zb62d.vEhu.nOko,indices.nbr,20612,2026-06-08,S2A_33UUQ_20260608_1_L2A,E84,2026-06-16T14:39:24Z,True,0.5959191109491712,0.607064017660044,0.5959191109491712,matches-round,4,4,4,"[4380.0, 1109.0]","[4368, 1068]","[4380, 1109]",0.0,0.7386752942929888,0.4688698787240355,"[10.0, 20.0]",,True,
sbsdz6qfyyoahv45oiansijprq23qjhauoowjla7uxbabjpepwmq,defi.zb52c.rApe.wOya,indices.ndbi,20646,2026-07-12,S2C_43RFK_20260712_0_L2A,E84,2026-07-27T00:50:50Z,True,0.10092480900683548,0.0743270389714745,0.10092480900683548,matches-round,3,3,3,"[1369.0, 1118.0]","[1337, 1152]","[1369, 1118]",0.0,0.8738707793352205,0.9757803213083207,"[20.0, 10.0]",,True,
wppq5hoqu2gy4w6pvh5wclpsnwy5wmwfcfzeehgb4ay4d2t6htkq,defi.zb5ee.wAsO.fAgU,indices.ndvi,20715,2026-09-19,S2B_32TQP_20260919_0_L2A,E84,2026-09-23T17:30:20Z,True,0.810984308131241,0.7996131528046421,0.810984308131241,matches-round,4,4,4,"[2539.0, 265.0]","[2326, 259]","[2539, 265]",0.0,0.5140320279051593,0.7279972487121995,"[10.0, 10.0]",,True,
am6pljbt3w3rnjbeavimf3qm3ckj2qfuqa7oemz67l6dp7tfvaxq,defi.zb630.pAxa.fAsE,indices.bsi,20690,2026-08-25,S2B_10UDV_20260825_0_L2A,E84,2026-09-02T09:39:02Z,True,-0.1909997443109179,-0.13967562333575406,-0.1909997443109179,matches-round,5,5,5,"[1080.0, 502.0, 1711.0, 618.0]","[1080, 697, 1598, 756]","[1080, 502, 1711, 618]",0.0,0.11797034969458764,0.38153301053671385,"[20.0, 10.0, 10.0, 10.0]",,True,
xdbdntt2pgbf3won5izk6v23umv3ydkmtyluggpy66vlnxyxdjdq,defi.zb5ef.zb4b9.zbe3a,indices.ndsi,20721,2026-09-25,S2C_MSIL2A_20260925T011651_R031_T55TCJ_20260925T035514,PC,2026-09-25T23:09:10Z,True,-0.5867227676484338,-0.5860934930702372,-0.5867227676484338,matches-round,4,4,4,"[1884.0, 4394.0]","[1881, 4376]","[1884, 4394]",-1000.0,0.21443687662258526,0.7521495454948308,"[10.0, 20.0]",,True,
3zel2naqq6ghjy4wa5ujlvlxrw5spgn4a3b5y3gxabbjrnumh57q,defi.zb61d.xutu.kUjI,indices.savi,20682,2026-08-17,S2C_10TET_20260817_0_L2A,E84,2026-08-23T13:50:27Z,True,0.19198520345252773,0.19198520345252773,0.19198520345252773,floor=round,5,5,5,"[2074.0, 1036.0]","[2074, 1036]","[2074, 1036]",0.0,0.19303116828632483,0.1943557241002054,"[10.0, 10.0]",,True,
gzzox6uab57lswbzesqvet4oigjmwlmsoivhavz2jhwdxzgdcova,defi.zb51d.joji.zcacb,indices.urban_canopy_index,20674,2026-08-09,S2A_42RYN_20260809_1_L2A,E84,2026-08-12T18:20:38Z,True,0.3470097631407413,0.23477765548052051,0.3470097631407413,matches-round,7,7,7,"[2257.0, 1055.0, 2464.0]","[2228, 1370, 2298]","[2257, 1055, 2464]",0.0,0.9368381700951431,0.11353798187337816,"[10.0, 10.0, 20.0]",,True,
nksl3z7pd4eqs7n67f3xx5ygrf65fn37tdcdea5tfgxkrinu3ora,defi.zb555.tucI.wawe,indices.ndwi,20685,2026-08-20,S2B_36RUU_20260820_0_L2A,E84,2026-08-25T03:56:26Z,True,-0.17717573723327742,-0.1566982408660352,-0.17717573723327742,matches-round,5,5,5,"[1716.0, 2455.0]","[1558, 2137]","[1716, 2455]",0.0,0.8894032468670048,0.3313726856840731,"[10.0, 10.0]",,True,
5ygwtxhuoxrdi7lqrl6abyw5ozsynd7kumyfg7fzcyplgdgwakga,defi.zb587.zfd8b.kUtu,indices.ndvi,20715,2026-09-19,S2B_11SNU_20260919_0_L2A,E84,2026-09-23T16:54:54Z,True,0.05022651171951939,0.05022651171951939,0.05022651171951939,floor=round,5,5,5,"[5332.0, 4822.0]","[5332, 4822]","[5332, 4822]",0.0,0.4036584742948435,0.4967464960645884,"[10.0, 10.0]",,True,
s6b2hhqie5vbmz5yimzutl4ard2kwexwho3du2lg2w4bsbbfuhja,defi.zb62d.roza.nOvI,indices.ndsi,20680,2026-08-15,S2C_32UQV_20260815_0_L2A,E84,2026-08-31T14:08:47Z,True,-0.6851428571428572,-0.7115938236063859,-0.6851428571428572,matches-round,4,4,4,"[551.0, 2949.0]","[551, 3270]","[551, 2949]",0.0,0.044386628176653176,0.32659502560272813,"[10.0, 20.0]",,True,
2te5tv2fhzw4qzvpv72grudmlqt7wqipeop7jidp5k65milbllra,defi.zb522.zd56f.wOhE,indices.ndbi,20629,2026-06-25,S2B_45RWJ_20260625_0_L2A,E84,2026-08-08T20:26:36Z,True,-0.2150893448047651,-0.2587924374872942,-0.2150893448047651,matches-round,5,5,5,"[1779.0, 2754.0]","[1823, 3096]","[1779, 2754]",0.0,0.2644070532346632,0.9699257423867493,"[20.0, 10.0]",,True,
jiaiewdtumffezty4br6zm6rfxkhdr4cddvxhmxo4k2fkfx25y7a,defi.zb624.kEku.falU,indices.ndvi,20695,2026-08-30,S2A_32UPU_20260830_1_L2A,E84,2026-09-03T01:25:22Z,True,0.40829414279606674,0.4288232701630674,0.40829414279606674,matches-round,5,5,5,"[1647.0, 692.0]","[1621, 648]","[1647, 692]",0.0,0.05085620130375901,0.5250411642718973,"[10.0, 10.0]",,True,
qxvdmwflncelvbcle3foyi7srikdfuqjf37cwkvy3t4ix5io36la,defi.zb61d.yohE.kUgU,indices.ndti,20704,2026-09-08,S2B_10TET_20260908_0_L2A,E84,2026-09-10T16:46:48Z,True,-0.07204301075268822,0.1152772237734344,-0.07204301075268822,matches-round,5,5,5,"[863.0, 997.0]","[1398, 1109]","[863, 997]",0.0,0.34638157034078176,0.5867669196800307,"[10.0, 10.0]",,True,
jibmz4cwzi22c3v6qabogi534qsz3hjgcpalrlzwsk6u3zjz3r5a,defi.zb62e.ze7ca.faze,indices.evi,20682,2026-08-17,S2C_10UDV_20260817_0_L2A,E84,2026-08-19T10:33:07Z,True,-0.16809786130913804,-0.14689752428705738,-0.16809786130913804,matches-round,6,6,6,"[411.0, 826.0, 1226.0]","[426, 801, 1180]","[411, 826, 1226]",0.0,0.10556700833876675,0.7450140443634155,"[10.0, 10.0, 10.0]",,True,
ca7rlxjvqapvlqrjrkh6skowxqb6kelel75ikftqfbu6j2xeuu5q,defi.zb52c.rApa.zb1cc,indices.bsi,20652,2026-07-18,S2C_42RYQ_20260718_0_L2A,E84,2026-08-02T06:45:32Z,True,0.2009409081188966,0.19814020028612303,0.2009409081188966,matches-round,5,5,5,"[4913.0, 3511.0, 3884.0, 1721.0]","[4864, 3511, 3884, 1721]","[4913, 3511, 3884, 1721]",0.0,0.5119492486701347,0.07759923494904797,"[20.0, 10.0, 10.0, 10.0]",,True,
jxmgxb4z3623vuhpxnbnxi2qdoz5z6tiasaak6mtr2t7frufwjoq,defi.zb492.zda2d.zcc70,indices.ndvi,20605,2026-06-01,S2B_43PGQ_20260601_0_L2A,E84,2026-07-29T14:13:14Z,True,0.8994307400379506,0.8933997509339976,0.8994307400379506,matches-round,4,4,4,"[4004.0, 212.0]","[3801, 214]","[4004, 212]",0.0,0.6389058628701605,0.7574162425935356,"[10.0, 10.0]",,True,
fqiawar3cumkcjxngv3n3pohmh7etzudqly2cpbxggzqsnicehfq,defi.zb61d.xIfE.kOza,s2.B02,20649,2026-07-15,S2C_10TET_20260715_0_L2A,E84,2026-07-30T12:42:50Z,True,0.5166000000000001,0.3965,0.5166000000000001,matches-round,5,5,5,[5166.0],[3965],[5166],0.0,0.4482049626412845,0.9962595473043621,[10.0],,True,
evaqhugnbmimlydj354vpeasaa7rnchuro7b3tgl4aubksf2m5ha,defi.zb553.zc965.woyI,indices.nbr,20665,2026-07-31,S2B_36RUU_20260731_0_L2A,E84,2026-08-03T09:41:52Z,True,0.03550924941526689,0.026540908093880235,0.03550924941526689,matches-round,5,5,5,"[2435.0, 2268.0]","[2340, 2219]","[2435, 2268]",0.0,0.7829582392528209,0.5663433397658082,"[10.0, 20.0]",,True,
czk6l5lhpvzxyrhfkr5v6x2covyyeoctomm7wash6k5ganlqzlga,defi.zb4fc.xIrI.zd5aa,s2.B08,20608,2026-06-04,S2C_45QYE_20260604_0_L2A,E84,2026-07-28T22:16:45Z,True,0.10700000000000001,0.1085,0.10700000000000001,matches-round,6,8,6,[1070.0],[1085],[1070],0.0,0.030220815085385766,0.7443129148796288,[10.0],,True,
zxlyekawgg5ne7fkvtmi3kh6whdpyzigxvcfajvy2yo34dioulba,defi.zb4fa.mIdU.zd209,indices.ndmi,20606,2026-06-02,S2B_45QXE_20260602_0_L2A,E84,2026-06-17T10:12:29Z,True,-0.04986876640419945,0.2506738544474394,-0.04986876640419945,matches-round,5,5,5,"[724.0, 800.0]","[696, 417]","[724, 800]",0.0,0.9142517700911412,0.5651713609695435,"[10.0, 20.0]",,True,
xlgdnouai3u2sdpqrd4rsbcwdw6yd7dmhzzhp4i4b5iww2y7vumq,defi.zb61d.xesu.kUjI,s2.B12,20704,2026-09-08,S2B_10TET_20260908_0_L2A,E84,2026-09-15T05:14:26Z,True,0.1754,0.11720000000000001,0.1754,matches-round,5,5,5,[1754.0],[1172],[1754],0.0,0.6382998451008461,0.3666788300033659,[20.0],,True,
mhwk6fj4xqnkwkae2rm7tnpiamdv2fwzl2ovn3j6kghxpeojonwa,defi.zb62d.xAfi.nIwi,indices.evi,20665,2026-07-31,S2B_32UQV_20260731_0_L2A,E84,2026-08-09T01:18:46Z,True,0.38044419805273555,0.38772555528090674,0.38044419805273555,matches-round,4,4,4,"[3037.0, 841.0, 487.0]","[2949, 753, 441]","[3037, 841, 487]",0.0,0.5108715154237871,0.22506789676845074,"[10.0, 10.0, 10.0]",,True,
a7yxrovuimnxsmumrye52sutvkxywhrvdc4kpma5scu37m5arvyq,defi.zb556.ze125.vAku,indices.ndre,20675,2026-08-10,S2B_36RUU_20260810_0_L2A,E84,2026-08-15T14:07:55Z,True,0.3792494481236203,0.3792494481236203,0.3792494481236203,floor=round,4,4,4,"[3124.0, 1406.0]","[3124, 1406]","[3124, 1406]",0.0,0.3236604739474842,0.03386954437019085,"[20.0, 20.0]",,True,
sn3zbmseovw3ase2kimb7jryi5onpuv2zblzhicuoluy2wm2ys3a,defi.zb519.fEmE.mivA,indices.ndti,20687,2026-08-22,S2B_38RPN_20260822_0_L2A,E84,2026-08-24T14:57:22Z,True,0.07958812840702602,0.07958812840702602,0.07958812840702602,floor=round,5,5,5,"[4456.0, 3799.0]","[4456, 3799]","[4456, 3799]",0.0,0.1003868177995173,0.36541677066088596,"[10.0, 10.0]",,True,
bjoug74qziqwdwb6b5xiwzdp43gcujnhopgi4x7gzk5pt4ife5pa,defi.zb4d8.zb4ec.zf576,indices.mndwi,20631,2026-06-27,S2A_43QBB_20260627_0_L2A,E84,2026-07-31T04:47:02Z,True,0.12983831455169031,0.1994301994301994,0.12983831455169031,matches-round,3,3,3,"[1153.0, 888.0]","[1263, 843]","[1153, 888]",0.0,0.20147899952735315,0.902236658241236,"[10.0, 20.0]",,True,
pjzv4g33i4eousydgd4utpazdvcrwrla4zsn2ymxu6nq52clxdja,defi.zb61d.yizi.kUku,s2.B12,20712,2026-09-16,S2C_10TET_20260916_0_L2A,E84,2026-09-19T01:20:42Z,True,0.11610000000000001,0.19060000000000002,0.11610000000000001,matches-round,5,5,5,[1161.0],[1906],[1161],0.0,0.7417144297505729,0.6997302332426898,[20.0],,True,
h2detdcyokgvclqrvp2duk2nmc4ys5mbjmbx6unq52l2n4qsy2ba,defi.zb519.dayi.mivA,indices.ndsi,20707,2026-09-11,S2B_38RPN_20260911_0_L2A,E84,2026-09-14T13:26:49Z,True,-0.030325535338532023,-0.14419243986254293,-0.030325535338532023,matches-round,5,5,5,"[3917.0, 4162.0]","[3113, 4162]","[3917, 4162]",0.0,0.6920336126113398,0.8470003128513781,"[10.0, 20.0]",,True,
3kiicrj4bddomydra5dil4ew6ynjsdipgn2nymnx3oz57ed3r7sq,defi.zb416.zafa6.qesE,s2.B02,20658,2026-07-24,S2C_36NZH_20260724_0_L2A,E84,2026-07-29T08:20:33Z,True,0.0687,0.0687,0.0687,floor=round,5,5,5,[687.0],[687],[687],0.0,0.009176446171295538,0.1383938992394178,[10.0],,True,
dghha4iu4mv2mgztu4cl3fip3v5tnwewe4lz74tabtcdet2nz3ha,defi.zb5a3.zcede.zf510,indices.urban_canopy_index,20713,2026-09-17,S2B_29SQA_20260917_0_L2A,E84,2026-09-17T16:21:41Z,True,0.11186771650942987,0.08620378891113002,0.11186771650942987,matches-round,5,5,5,"[3303.0, 2581.0, 3943.0]","[4080, 3367, 4983]","[3303, 2581, 3943]",0.0,0.8875249424254434,0.961193137569353,"[10.0, 10.0, 20.0]",,True,
qkoabae4pglhqtbqdwa4xvh5hbkrgrio7vmqqwdm3zi3xfcnwv5q,defi.zb611.hono.zde36,indices.mndwi,20678,2026-08-13,S2B_32TPS_20260813_0_L2A,E84,2026-08-13T22:58:57Z,True,-0.14753451676528595,-0.24662524105421038,-0.14753451676528595,matches-round,5,5,5,"[2161.0, 2909.0]","[1758, 2909]","[2161, 2909]",0.0,0.15065916648609345,0.7379948416728439,"[10.0, 20.0]",,True,
ygmzgao445typilxxqdowxpjdu7f7wcglug34lsubavgqun5lhdq,defi.zb622.zotA.sibA,s2.B03,20678,2026-08-13,S2A_32UMU_20260813_1_L2A,E84,2026-08-16T08:42:09Z,True,0.0678,0.0678,0.0678,floor=round,4,4,4,[678.0],[678],[678],0.0,0.4482839744887315,0.10663486085832119,[10.0],,True,
llhh24pnheuthrh4xtpmrph5qlqtakzrdvzijw25haad2dutmzza,defi.zb3ff.ruqi.zc83f,indices.ndbi,20720,2026-09-24,S2B_MSIL2A_20260924T073609_R092_T37NDA_20260924T113953,PC,2026-09-29T22:09:05Z,False,0.24776119402985078,0.24776119402985078,0.24599576911453613,matches-floor,5,5,5,"[5180.0, 3520.0]","[5180, 3520]","[5123, 3495]",-1000.0,0.5888749643752931,0.33583378661023744,"[20.0, 10.0]",reader=cog-pixel-floor@2,True,
jcp2vtix374ozuwmfto6tjf2ntby6pbqo3e2wyzqttdeiis274ea,defi.zb533.dElO.yunO,indices.ndwi,20722,2026-09-26,S2C_MSIL2A_20260926T054641_R048_T42RXQ_20260926T085113,PC,2026-09-29T02:48:58Z,False,-0.2417293233082707,-0.2417293233082707,-0.23862581244196845,matches-floor,5,5,5,"[3017.0, 4303.0]","[3017, 4303]","[3050, 4335]",-1000.0,0.47320904531443375,0.5898028509225242,"[10.0, 10.0]",reader=cog-pixel-floor@2,True,
xnnnozqemtq7atlu2s7xpohau7k2x2hv4laxxss3zi5hbtkol3za,defi.zb533.kOwE.yoqI,indices.ndsi,20722,2026-09-26,S2C_MSIL2A_20260926T054641_R048_T42RXQ_20260926T085113,PC,2026-09-29T01:40:17Z,False,-0.34740882917466415,-0.34740882917466415,-0.3656808379544055,matches-floor,5,5,5,"[3040.0, 5212.0]","[3040, 5212]","[3059, 5433]",-1000.0,0.1704057738188567,0.5950902042445705,"[10.0, 20.0]",reader=cog-pixel-floor@2,True,
fal3ndhgdh4ecws6nxluyqsajat6ghff3whmemni5mbwxhkhma4q,defi.zb572.xoso.zb1ec,indices.ndvi,20356,2025-09-25,S2C_MSIL2A_20250925T052701_R105_T43SFS_20250925T103607,PC,2026-09-30T09:20:35Z,False,0.6006637168141593,0.6006637168141593,0.45132743362831856,matches-floor,4,4,5,"[3894.0, 1722.0]","[3894, 1722]","[2968, 1744]",-1000.0,0.32732190324531985,0.5735719110816717,"[10.0, 10.0]",reader=cog-pixel-floor@2,True,
oj5ceccile62uvm6hedpuk67cjt2pqc7z33mtsyuffgakxbxmyaa,defi.zb572.xoso.zb1ec,indices.ndvi,20721,2026-09-25,S2A_MSIL2A_20260925T054251_R005_T43SFS_20260925T090015,PC,2026-09-28T09:06:56Z,False,0.4708994708994709,0.4708994708994709,0.3015512674990541,matches-floor,4,4,5,"[3502.0, 1900.0]","[3502, 1900]","[2720, 1923]",-1000.0,0.32732190324531985,0.5735719110816717,"[10.0, 10.0]",,True,
adke5a3ukwlzxdww6uweiwbcydxk6eow5dlk3yizlu7wxhll5bjq,defi.zb590.saha.tEvO,s2.B12,20718,2026-09-22,S2B_MSIL2A_20260922T184009_R070_T10SFE_20260923T000345,PC,2026-09-28T04:59:32Z,False,0.08510000000000001,0.08510000000000001,0.08510000000000001,floor=round,6,6,6,[1851.0],[1851],[1851],-1000.0,0.12869953101017018,0.47626708885672997,[20.0],,True,
yjscgjgqpdaayfg36oxosahf26zyigai7aqtfuew3scaxtun5uoa,defi.zb590.saha.tEvO,indices.evi,20718,2026-09-22,S2B_MSIL2A_20260922T184009_R070_T10SFE_20260923T000345,PC,2026-09-28T22:42:43Z,False,-0.009180120291231402,-0.009180120291231402,-0.027122079160705758,matches-floor,6,6,6,"[1833.0, 1862.0, 2081.0]","[1833, 1862, 2081]","[1701, 1792, 1942]",-1000.0,0.25739906202034035,0.9525341777134599,"[10.0, 10.0, 10.0]",reader=cog-pixel-floor@2,True,
qkuwy74zvwzmdcolbzidtrkoev2omjcn5dbhvgojr6zwqfys7s3a,defi.zb5ac.zf864.zc8fc,indices.evi,20721,2026-09-25,S2A_MSIL2A_20260925T085721_R007_T35SMB_20260925T142711,PC,2026-09-30T05:44:03Z,False,0.36749628791628375,0.36749628791628375,0.36749628791628375,floor=round,4,4,4,"[3571.0, 1492.0, 1184.0]","[3571, 1492, 1184]","[3571, 1492, 1184]",-1000.0,0.38323202489482355,0.14952237689885806,"[10.0, 10.0, 10.0]",reader=cog-pixel-floor@2,True,
hkzurv6b4jlx7ltiyfq2xuynwfnrljuh37qkpxgmx2xqlvtuh4qa,defi.zb5c2.zd720.tAgI,indices.ndbi,20721,2026-09-25,S2A_MSIL2A_20260925T104041_R008_T31SDD_20260925T183512,PC,2026-09-30T06:59:54Z,False,-0.2712397734424166,-0.2712397734424166,-0.20095124851367416,matches-floor,4,4,4,"[2158.0, 3020.0]","[2158, 3020]","[2344, 3020]",-1000.0,0.592174577381229,0.06322920392267406,"[20.0, 10.0]",reader=cog-pixel-floor@2,True,
4m7jd47gcpmhsqujyrreq36gaa24huvw3wn2kk6hsilfgq3dtrqa,defi.zb5c2.zd720.vazU,s2.B04,20721,2026-09-25,S2A_MSIL2A_20260925T104041_R008_T31SDD_20260925T183512,PC,2026-09-28T20:25:41Z,False,0.0264,0.0264,0.036500000000000005,matches-floor,4,4,4,[1264.0],[1264],[1365],-1000.0,0.9974457481348509,0.618331940844655,[10.0],reader=cog-pixel-floor@2,True,
b2jobhtgnnfgj4uxysv3rfys6d4hxkrpjucwmvp7sxl32sssomiq,defi.zb5c2.zd720.vazU,indices.ndmi,20721,2026-09-25,S2A_MSIL2A_20260925T104041_R008_T31SDD_20260925T183512,PC,2026-09-28T23:17:09Z,False,0.0915985997666278,0.0915985997666278,-0.005994861547245192,matches-floor,4,4,4,"[2871.0, 2557.0]","[2871, 2557]","[2741, 2762]",-1000.0,0.9974457481348509,0.618331940844655,"[10.0, 20.0]",reader=cog-pixel-floor@2,True,
deauhgzuo4ikkcjtkft3lmxwnqf5d6z6jpzhhpbq5u6iup76g7pa,defi.zb5c2.zd720.vazU,s2.B12,20721,2026-09-25,S2A_MSIL2A_20260925T104041_R008_T31SDD_20260925T183512,PC,2026-09-29T11:36:03Z,False,0.0898,0.0898,0.1051,matches-floor,4,4,4,[1898.0],[1898],[2051],-1000.0,0.9987228740674254,0.8091659704223275,[20.0],reader=cog-pixel-floor@2,True,
h7oarzejyuwe7owc73ryctkwqxd4cmkaqmswj7yz7tn5nje6ec7q,defi.zb5c2.zd720.vazU,indices.ndti,20721,2026-09-25,S2A_MSIL2A_20260925T104041_R008_T31SDD_20260925T183512,PC,2026-09-28T22:56:48Z,False,-0.12727272727272726,-0.12727272727272726,0.039886039886039934,matches-floor,4,4,4,"[1264.0, 1341.0]","[1264, 1341]","[1365, 1337]",-1000.0,0.9974457481348509,0.618331940844655,"[10.0, 10.0]",reader=cog-pixel-floor@2,True,
m6qwn5j2zoxgzrnsrqq3cg32tuuglfjhvtr7ogy7nrbaevwpwmlq,defi.zb5c2.zd720.vazU,indices.savi,20721,2026-09-25,S2A_MSIL2A_20260925T104041_R008_T31SDD_20260925T183512,PC,2026-09-29T01:47:19Z,False,0.33784162578836724,0.33784162578836724,0.290458767238953,matches-floor,4,4,4,"[2871.0, 1264.0]","[2871, 1264]","[2741, 1365]",-1000.0,0.9974457481348509,0.618331940844655,"[10.0, 10.0]",reader=cog-pixel-floor@2,True,
pymhd2fzdzkxaql2ntzwawy3hpk6dbahuhquvvatl3fimeqv4gja,defi.zb5c2.zd720.vazU,indices.mndwi,20721,2026-09-25,S2A_MSIL2A_20260925T104041_R008_T31SDD_20260925T183512,PC,2026-09-28T20:25:41Z,False,-0.6406743940990517,-0.6406743940990517,-0.6788947117675083,matches-floor,4,4,4,"[1341.0, 2557.0]","[1341, 2557]","[1337, 2762]",-1000.0,0.9974457481348509,0.618331940844655,"[10.0, 20.0]",reader=cog-pixel-floor@2,True,
6hojlu5ucwi3mp3tgzow4uew2ert47jx7u42rw5fgjnv6jseetlq,defi.zb5c2.zd720.voxu,indices.ndsi,20721,2026-09-25,S2A_MSIL2A_20260925T104041_R008_T31SDD_20260925T183512,PC,2026-09-30T08:21:02Z,False,-0.5423452768729642,-0.5423452768729642,-0.6732197466142421,matches-floor,4,4,4,"[1562.0, 2894.0]","[1562, 2894]","[1374, 2915]",-1000.0,0.6671186557978217,0.976212642621249,"[10.0, 20.0]",reader=cog-pixel-floor@2,True,
7texlsbbb53rorxw2drz5thjujvienmvsp563fjcvgw5n2uo3diq,defi.zb5e6.zAnu.zc9b2,s2.B03,20707,2026-09-11,S2B_MSIL2A_20260911T154929_R054_T18TWN_20260911T193426,PC,2026-09-29T11:36:55Z,False,0.0091,0.0091,0.0099,matches-floor,3,3,3,[1091.0],[1091],[1099],-1000.0,0.7423865652990571,0.4280351114457517,[10.0],reader=cog-pixel-floor@2,True,
7hwhmarotn7ha2jcvj63ccvfnxvemma7aztwqoqzkwm3u3gilfwa,defi.zb5e6.zceb8.zf376,indices.evi,20719,2026-09-23,S2B_MSIL2A_20260923T012659_R074_T54TVN_20260923T051234,PC,2026-09-30T03:25:38Z,False,0.6694828469022017,0.6694828469022017,0.5338483431591787,matches-floor,4,4,4,"[4911.0, 1250.0, 1232.0]","[4911, 1250, 1232]","[3773, 1147, 1181]",-1000.0,0.9820722362956076,0.5823303511369886,"[10.0, 10.0, 10.0]",reader=cog-pixel-floor@2,True,
gz7avfqmw32odxcoeb7u6xjuljleohn6w6kwdajammh5qzt2olba,defi.zb5ef.zb4b9.zbe3a,s2.B12,20721,2026-09-25,S2C_MSIL2A_20260925T011651_R031_T55TCJ_20260925T035514,PC,2026-09-30T07:07:31Z,False,0.19590000000000002,0.19590000000000002,0.2026,matches-floor,4,4,4,[2959.0],[2959],[3026],-1000.0,0.6072184383112926,0.8760747727474154,[20.0],reader=cog-pixel-floor@2,True,
3phpcqo2ixfcmiaow4qebkpmu676ktlmlfoh7qg6mvj7ulhyoaja,defi.zb5f4.tOhA.divO,indices.ndsi,20721,2026-09-25,S2A_MSIL2A_20260925T154711_R011_T18TXP_20260925T221114,PC,2026-09-30T05:47:06Z,False,-0.4110032362459547,-0.4110032362459547,-0.731017369727047,matches-floor,4,4,4,"[1728.0, 2744.0]","[1728, 2744]","[1271, 2744]",-1000.0,0.9456441259935673,0.5964235960504993,"[10.0, 20.0]",reader=cog-pixel-floor@2,True,
fyj47xfwevybawpetrjgakpwnmmjkuhdrrm4nzkilhpp434mnfjq,defi.zb5f4.xIgA.dujE,indices.ndbi,20721,2026-09-25,S2A_MSIL2A_20260925T154711_R011_T18TXP_20260925T221114,PC,2026-09-30T04:32:00Z,False,-0.2744967927449679,-0.2744967927449679,-0.39440694310511093,matches-floor,4,4,4,"[2640.0, 3881.0]","[2640, 3881]","[2570, 4615]",-1000.0,0.6382585371202367,0.962753503164322,"[20.0, 10.0]",reader=cog-pixel-floor@2,True,
nu27auc2h5ssoh5sukqba3dy6zqltute76cttfptrf3rtgtiw7ra,defi.zb5f4.zitU.dite,s2.B04,20721,2026-09-25,S2A_MSIL2A_20260925T154711_R011_T18TXP_20260925T221114,PC,2026-09-30T06:02:20Z,False,0.0504,0.0504,0.054400000000000004,matches-floor,4,4,4,[1504.0],[1504],[1544],-1000.0,0.38800961491688213,0.7345464027484923,[10.0],reader=cog-pixel-floor@2,True,
27l5pqopegasomv3hfy7hczhdusuo3hskddgmtgf4tsmh7cymxqq,defi.zb61d.xUyi.kUhE,s2.B02,20712,2026-09-16,S2C_MSIL2A_20260916T191031_R056_T10TET_20260916T223713,PC,2026-09-29T02:57:29Z,False,0.15030000000000002,0.15030000000000002,0.1388,matches-floor,5,5,5,[2503.0],[2503],[2388],-1000.0,0.9542139477325691,0.04018049314618111,[10.0],reader=cog-pixel-floor@2,True,
fctuzj3i7lsz3kvkakr57ndpsle32yefbkhje7l22ishvsi3ehua,defi.zb61d.zdc4a.lIgA,indices.ndvi,20712,2026-09-16,S2C_MSIL2A_20260916T191031_R056_T10TET_20260916T223713,PC,2026-09-28T19:30:26Z,False,0.027729027729027727,0.027729027729027727,0.0033587786259541676,matches-floor,5,5,5,"[5392.0, 5155.0]","[5392, 5155]","[4286, 4264]",-1000.0,0.11485334296048677,0.51943808104852,"[10.0, 10.0]",reader=cog-pixel-floor@2,True,
rq4d4yabjrnklu4ipgswyorx3cwdts3b37vgpl6z2n6cw5oeficq,defi.zb61d.zdc4a.lIgu,indices.ndsi,20712,2026-09-16,S2C_MSIL2A_20260916T191031_R056_T10TET_20260916T223713,PC,2026-09-28T14:36:12Z,False,0.186938622754491,0.186938622754491,0.2741679873217116,matches-floor,5,5,5,"[7343.0, 5345.0]","[7343, 5345]","[5824, 3748]",-1000.0,0.4699686678704893,0.5262730067597658,"[10.0, 20.0]",reader=cog-pixel-floor@2,True,
uayrsyuvps7amnahnnhvdiby6xrbl2c34aaa5ncxstcccivxsqyq,defi.zb61d.zdc8a.lIgE,indices.urban_canopy_index,20712,2026-09-16,S2C_MSIL2A_20260916T191031_R056_T10TET_20260916T223713,PC,2026-09-28T20:45:39Z,False,0.030737860543519863,0.030737860543519863,0.07429871455963115,matches-floor,5,5,5,"[5487.0, 5255.0, 4261.0]","[5487, 5255, 4261]","[3024, 2698, 3748]",-1000.0,0.749626331717991,0.5587010834365174,"[10.0, 10.0, 20.0]",reader=cog-pixel-floor@2,True,
olvut6evjh6x2gqor3ezejgx6vsxzmnxu6ramsaeitozoxeqbnxq,defi.zb623.fozI.sulu,s2.B11,20723,2026-09-27,S2C_MSIL2A_20260927T101801_R065_T32UMU_20260927T153810,PC,2026-09-29T12:58:25Z,False,0.28650000000000003,0.28650000000000003,0.29400000000000004,matches-floor,4,4,4,[3865.0],[3865],[3940],-1000.0,0.5594893792499533,0.9444061820859133,[20.0],reader=cog-pixel-floor@2,True,
ipfjyphdt7v244pvrnuy6c4d43rymvpiot2oazzbuitbcpjqetra,defi.zb623.hame.tIpa,indices.evi,20720,2026-09-24,S2A_MSIL2A_20260924T110721_R137_T30UWU_20260924T174754,PC,2026-09-30T01:16:41Z,False,0.21797668552730246,0.21797668552730246,0.17100792751981878,matches-floor,5,5,5,"[3494.0, 2215.0, 1682.0]","[3494, 2215, 1682]","[3556, 2499, 1813]",-1000.0,0.9460266204782783,0.9921720687298148,"[10.0, 10.0, 10.0]",reader=cog-pixel-floor@2,True,
jpklfm7fahwecmhszl5gm3utxwb7bvncle2bu4a2uvmu5q3yetxq,defi.zb623.hame.tIpa,indices.ndsi,20720,2026-09-24,S2A_MSIL2A_20260924T110721_R137_T30UWU_20260924T174754,PC,2026-09-30T03:55:11Z,False,-0.507639231148349,-0.507639231148349,-0.43400657585721,matches-floor,5,5,5,"[1999.0, 4059.0]","[1999, 4059]","[2205, 4053]",-1000.0,0.9460266204782783,0.9921720687298148,"[10.0, 20.0]",reader=cog-pixel-floor@2,True,
3nebxutcesvsn42ifstnp4vudsyf3cuv332abkd2omty325un6sq,defi.zb2f2.kivI.zcd86,indices.mndwi,20672,2026-08-07,S2C_53KLP_20260807_0_L2A,E84,2026-08-08T15:07:37Z,True,-0.5527847049044057,-0.5527847049044057,-0.5527847049044057,floor=round,5,5,5,"[807.0, 2802.0]","[807, 2802]","[807, 2802]",0.0,0.33023707105348876,0.11661055721333469,"[10.0, 20.0]",,True,
hyc4l5jmz2pewgqochevpkvfhfnmmyf2lmqug7rdidfohaxkt7vq,defi.zb381.mepo.lAdo,indices.nbr,20679,2026-08-14,S2B_22LFN_20260814_0_L2A,E84,2026-08-18T05:21:54Z,True,-0.09250645994832037,-0.10132461723722694,-0.09250645994832037,matches-round,5,5,5,"[2634.0, 3171.0]","[2612, 3201]","[2634, 3171]",0.0,0.5099482581372285,0.38219659160813535,"[10.0, 20.0]",,True,
7kpr3av6dk2j6qillr2jptonvdqigbbarbvvhp3ly2vgas3hwjda,defi.zb389.cAru.zfe72,indices.evi,20677,2026-08-12,S2B_20LPP_20260812_0_L2A,E84,2026-08-13T20:50:51Z,True,0.4706172464812777,0.4713985006831863,0.4706172464812777,matches-round,4,4,4,"[3079.0, 598.0, 465.0]","[3235, 682, 505]","[3079, 598, 465]",0.0,0.10657061734241324,0.8197991279885173,"[10.0, 10.0, 10.0]",,True,
qqfxph44q5gft2aqg2wt7s6odwqw2wxhwatu665latud3vixy2ua,defi.zb379.dEra.gevA,indices.evi,0,2026-05-12,S2A_21LXG_20260512_0_L2A,E84,2026-05-14T09:08:54Z,True,0.21508754293373547,0.33558903643173305,0.21508754293373547,matches-round,,4,4,"[1982.0, 955.0, 770.0]","[2435, 858, 778]","[1982, 955, 770]",0.0,0.895421569724931,0.319069654121904,"[10.0, 10.0, 10.0]",,True,
ez4vfaxztfh5lut4yqlazraz3bwkvt5xdoiejww3ab4mm3ve7nrq,defi.zb302.xize.zd174,s2.B11,20693,2026-08-28,S2C_21KVR_20260828_0_L2A,E84,2026-09-12T15:31:35Z,True,0.2625,0.2675,0.2625,matches-round,4,4,4,[2625.0],[2675],[2625],0.0,0.13603579995969994,0.7774855287743776,[20.0],,True,
ztvaypxkdikcwmpog3tjkaq72c5kp2y7zwzjh6si2qj4xvmrfoha,defi.zb2bb.gEqE.hEme,indices.evi,20672,2026-08-07,S2B_55JEJ_20260807_0_L2A,E84,2026-08-11T04:49:30Z,True,0.13010921727618732,0.13010921727618732,0.13010921727618732,floor=round,5,5,5,"[1300.0, 671.0, 432.0]","[1300, 671, 432]","[1300, 671, 432]",0.0,0.25170347520634095,0.2889557257294655,"[10.0, 10.0, 10.0]",,True,
pvyp3xz22lqu57swc7bcyptxdoth5mo4zgkdb2sf5getodcupazq,defi.zb2f3.qaku.bamI,s2.B03,20685,2026-08-20,S2B_55KDP_20260820_0_L2A,E84,2026-08-22T14:46:42Z,True,0.0671,0.0671,0.0671,floor=round,5,5,5,[671.0],[671],[671],0.0,0.3666805845687122,0.4609029131011084,[10.0],,True,
6k6hx5eo6fohdgwacuha3droe2ky3a4tkuw33mv22vb5hffeihda,defi.zb2e3.wose.zavu,indices.ndsi,20700,2026-09-04,S2B_52JHT_20260904_0_L2A,E84,2026-09-08T07:21:10Z,True,-0.6485456369107322,-0.6422861710631494,-0.6485456369107322,matches-round,5,5,5,"[876.0, 4109.0]","[895, 4109]","[876, 4109]",0.0,0.8891115368805913,0.9621152862910094,"[10.0, 20.0]",,True,
7xdlojv7ukiu2esgkrngp54mvhqa4ykjahsojpk6vzgfjlcyfqhq,defi.zb2d7.zb939.zEce,indices.ndwi,20655,2026-07-21,S2B_55JBM_20260721_0_L2A,E84,2026-07-24T14:35:47Z,True,-0.40738603577611077,-0.4176470588235294,-0.40738603577611077,matches-round,5,5,5,"[1027.0, 2439.0]","[990, 2410]","[1027, 2439]",0.0,0.9981369073675523,0.5975573055438872,"[10.0, 10.0]",,True,
jxffwssu5scyx2suqdm62slhptg5aosrlf6nqgxsfjkhlf6335ta,defi.zb3dc.zc695.nulA,indices.urban_canopy_index,20681,2026-08-16,S2A_20MRB_20260816_0_L2A,E84,2026-08-18T05:51:17Z,True,0.29986566946728055,0.16293882010618138,0.29986566946728055,matches-round,5,5,5,"[2491.0, 1245.0, 3050.0]","[2844, 1953, 3640]","[2491, 1245, 3050]",0.0,0.7503801676675721,0.41792177632487437,"[10.0, 10.0, 20.0]",,True,
u2ufujqmuqcat3f7zisjn3vseslgpwosanakhqnawy62cvnxjf5q,defi.zb2e3.sudo.zelo,indices.nbr,20677,2026-08-12,S2A_53JKN_20260812_0_L2A,E84,2026-08-12T16:05:42Z,True,-0.0791426215993405,-0.14698795180722896,-0.0791426215993405,matches-round,5,5,5,"[2234.0, 2618.0]","[1947, 2618]","[2234, 2618]",0.0,0.36050519353011623,0.7129892010243566,"[10.0, 20.0]",,True,
7m64m7jtv6nskbkncaxcc7humwmnacta7pxhbjwpukya5wc3vpha,defi.zb31a.hizU.reva,indices.ndwi,20718,2026-09-22,S2B_MSIL2A_20260922T003659_R059_T54KYC_20260922T022032,PC,2026-09-26T13:56:30Z,True,-0.4503941288393585,-0.40414975191700503,-0.4503941288393585,matches-round,5,5,5,"[2011.0, 3668.0]","[2321, 4113]","[2011, 3668]",-1000.0,0.881968578114197,0.912028788216503,"[10.0, 10.0]",,True,
xhaqb5zfvjzenzdrlk2aabipuvtli7rgpnj72yafwrf4hm32yefa,defi.zb2d5.xito.bexo,indices.ndbi,20678,2026-08-13,S2C_35JPL_20260813_0_L2A,E84,2026-08-18T01:53:11Z,True,-0.18504736129905278,-0.10210111621799077,-0.18504736129905278,matches-round,5,5,5,"[2409.0, 3503.0]","[2735, 3357]","[2409, 3503]",0.0,0.41604763558132163,0.7472152834758106,"[20.0, 10.0]",,True,
chbpzz5u5mfbk35swm3zdz6upwvozbagsczgxwyntpqzn4sqoqlq,defi.zb2f2.lObI.zcd4f,indices.ndmi,20617,2026-06-13,S2A_53KLP_20260613_1_L2A,E84,2026-06-16T14:54:22Z,True,-0.11949685534591194,-0.12198391420911524,-0.11949685534591194,matches-round,5,5,5,"[2100.0, 2670.0]","[1965, 2511]","[2100, 2670]",0.0,0.8310220585790375,0.9744515066036001,"[10.0, 20.0]",,True,
xr4sosig2lmnwrxzckgyvqq4rcakaou2cudfikhybeqrkfheupmq,defi.zb36a.bEgo.fuse,indices.nbr,20689,2026-08-24,S2A_22LEL_20260824_0_L2A,E84,2026-08-26T17:38:09Z,True,-0.06160337552742611,-0.06160337552742611,-0.06160337552742611,floor=round,5,5,5,"[2224.0, 2516.0]","[2224, 2516]","[2224, 2516]",0.0,0.2955091878066014,0.057554354332751245,"[10.0, 20.0]",,True,
jkzpuq5f3oldqndpt7ib5lcv2ff32jmw2rnpvwkaishvr5xqd6rq,defi.zb2e3.xUwo.zawu,indices.mndwi,20685,2026-08-20,S2C_53JKN_20260820_1_L2A,E84,2026-08-23T15:30:32Z,True,-0.5226747287924596,-0.523276795380729,-0.5226747287924596,matches-round,5,5,5,"[1342.0, 4281.0]","[1321, 4221]","[1342, 4281]",0.0,0.1488041290322144,0.6197874121371569,"[10.0, 20.0]",,True,
hroj2cq5sap637hk3gueqryq6i2kmduo7avlg674ovnvts4owula,defi.zb37a.yisU.zb036,indices.savi,20681,2026-08-16,S2B_21LUH_20260816_0_L2A,E84,2026-08-18T09:18:15Z,True,0.17774163568773238,0.17778294213339532,0.17774163568773238,matches-round,5,5,5,"[2314.0, 1294.0]","[2313, 1293]","[2314, 1294]",0.0,0.27973042657322367,0.5065797392271634,"[10.0, 10.0]",,True,
ii7y6ag4mp2brdlkpg5pckjxgwyt74vtvy3ummjwt7mn7333urwa,defi.zb359.sIba.bEju,indices.ndre,20695,2026-08-30,S2A_21LWD_20260830_0_L2A,E84,2026-09-02T13:48:37Z,True,0.20651190835091954,0.20651190835091954,0.20651190835091954,floor=round,5,5,5,"[2001.0, 1316.0]","[2001, 1316]","[2001, 1316]",0.0,0.4533543405823366,0.0019953975454427564,"[20.0, 20.0]",,True,
xo3ll75j4ixddit47nvmr2fhmdlntkqrhx4mwyhalxk2uglqcjuq,defi.zb38b.fIje.zc1f0,indices.ndti,20713,2026-09-17,S2A_23LLJ_20260917_0_L2A,E84,2026-09-18T18:36:56Z,True,0.11660377358490565,0.1065292096219931,0.11660377358490565,matches-round,5,5,5,"[2959.0, 2341.0]","[2898, 2340]","[2959, 2341]",0.0,0.35067930795503344,0.9685872046275108,"[10.0, 10.0]",,True,
ta5wvz3twsnseh24a27wearxgv6impax32tv7qefbvg7svsblvra,defi.zb2f4.miyu.hEme,indices.ndbi,20667,2026-08-02,S2C_55KEP_20260802_0_L2A,E84,2026-08-07T01:29:08Z,True,-0.01055743243243244,0.032145960034752404,-0.01055743243243244,matches-round,4,4,4,"[2343.0, 2393.0]","[2376, 2228]","[2343, 2393]",0.0,0.06115352194183288,0.9464544487651381,"[20.0, 10.0]",,True,
cwmt3qzki5xiy2ddklfqllck5kov3lltyzglmzyxqfn3ccahpaea,defi.zb2e3.xUwo.zapA,indices.ndre,20617,2026-06-13,S2A_53JKN_20260613_0_L2A,E84,2026-06-17T10:22:53Z,True,0.08011310084825637,0.08011310084825637,0.08011310084825637,floor=round,5,5,5,"[2865.0, 2440.0]","[2865, 2440]","[2865, 2440]",0.0,0.012897555599920452,0.18851251173782657,"[20.0, 20.0]",,True,
gxb6khnjdb2nfonevrefci7xevfuzkhqywmojkx5m35z63biij4a,defi.zb2e3.satU.zemo,indices.ndti,20677,2026-08-12,S2A_53JKN_20260812_0_L2A,E84,2026-08-12T18:14:44Z,True,0.3904480551452486,0.3904480551452486,0.3904480551452486,floor=round,5,5,5,"[1412.0, 619.0]","[1412, 619]","[1412, 619]",0.0,0.1784092505222361,0.043854998238202825,"[10.0, 10.0]",,True,
2msez5pdr32rs6cyyqsd5dpga7g4ekhy6cvlkri4ega53vfrc4yq,defi.zb2f4.miyu.bihU,indices.nbr,20655,2026-07-21,S2B_55KDP_20260721_0_L2A,E84,2026-07-24T05:38:43Z,True,-0.02525345622119814,0.029194239003503333,-0.02525345622119814,matches-round,5,5,5,"[2644.0, 2781.0]","[2644, 2494]","[2644, 2781]",0.0,0.4784764315236316,0.22016904614866917,"[10.0, 20.0]",,True,
ep2co7qwoecxnkppqux3karg7hpinlo4npqeeof3d6ss23fvr77a,defi.zb2f2.siqo.zcd4f,indices.evi,20685,2026-08-20,S2C_53KLP_20260820_0_L2A,E84,2026-08-20T16:38:34Z,True,0.06738681385662525,0.08576207252410945,0.06738681385662525,matches-round,5,5,5,"[1743.0, 1345.0, 673.0]","[1550, 1068, 521]","[1743, 1345, 673]",0.0,0.5018131345750589,0.8616648594847902,"[10.0, 10.0, 10.0]",,True,
6bh224qlotzju27v63plrinpf6q6mlsdxfko4wqklatrspg3odyq,defi.zb2d7.zb939.goqA,s2.B12,20665,2026-07-31,S2A_54JWS_20260731_0_L2A,E84,2026-07-31T14:10:42Z,True,0.3292,0.314,0.3292,matches-round,5,5,5,[3292.0],[3140],[3292],0.0,0.19310719373152097,0.7509758674541445,[20.0],,True,
i2e337zdu3uj5aqv4vuci7hqsvc6f66gthquasyvffl6f2ouh3iq,defi.zb3dc.zce95.nono,indices.ndsi,20691,2026-08-26,S2A_20MRB_20260826_0_L2A,E84,2026-08-31T09:54:08Z,True,-0.1799043062200957,-0.24758560140474103,-0.1799043062200957,matches-round,5,5,5,"[1714.0, 2466.0]","[1714, 2842]","[1714, 2466]",0.0,0.47513874894957553,0.4988501228390305,"[10.0, 20.0]",,True,
p7qhqk55mmssoa3wl7oulasnl3yhi5ho6jw5pbrgqnru5evjtq3q,defi.zb31a.hizU.sixa,indices.savi,20723,2026-09-27,S2C_MSIL2A_20260927T003701_R059_T54KYC_20260927T043253,PC,2026-09-27T17:23:41Z,True,0.09841827768014061,0.09841827768014061,0.09841827768014061,floor=round,5,5,5,"[3957.0, 3285.0]","[3957, 3285]","[3957, 3285]",-1000.0,0.2582806976279244,0.37959868740290403,"[10.0, 10.0]",,True,
cgwcyvgx2htooozwdue3lfbk6b6bfkrd7bzvxeoj2oodtmnu5kva,defi.zb2f2.riwA.zcd26,s2.B02,20617,2026-06-13,S2A_53KLP_20260613_1_L2A,E84,2026-06-16T09:45:49Z,True,0.07830000000000001,0.061200000000000004,0.07830000000000001,matches-round,5,5,5,[783.0],[612],[783],0.0,0.8576440301731054,0.553622203040959,[10.0],,True,
udyojsyczqe755i3h76dpez3rsohfbedv2rrijzmh3dr3km7pfpq,defi.zb36e.zacd6.zc9b2,s2.B08,20662,2026-07-28,S2B_22LDL_20260728_1_L2A,E84,2026-07-31T20:03:03Z,True,0.3254,0.31980000000000003,0.3254,matches-round,4,4,4,[3254.0],[3198],[3254],0.0,0.18169414254361982,0.8271858353168682,[10.0],,True,
2ghjygntlxhnfoaadaahdzhpn77qbwupawtevjm3t5dkc36wynwa,defi.zb2e3.zEhU.zelo,s2.B04,20617,2026-06-13,S2A_53JKN_20260613_0_L2A,E84,2026-06-17T20:01:14Z,True,0.15430000000000002,0.1433,0.15430000000000002,matches-round,5,5,5,[1543.0],[1433],[1543],0.0,0.5054301888212649,0.7570627480745316,[10.0],,True,
4cijeo5zs3p2knzagnb6qd35mhibxbtrra42i75wcehzqmvm3x5a,defi.zb2f2.kivI.zccab,indices.ndbi,20685,2026-08-20,S2C_53KLP_20260820_0_L2A,E84,2026-08-20T18:05:54Z,True,0.16468172484599594,0.24154696132596692,0.16468172484599594,matches-round,5,5,5,"[2836.0, 2034.0]","[2809, 1716]","[2836, 2034]",0.0,0.3469233778478156,0.8105024339165539,"[20.0, 10.0]",,True,
lblnpdbbpwk5jqgext33tf3wdqbrcoerv7ve4xenftjvpkl7hi3q,defi.zb2c9.rEgi.hEme,s2.B03,20672,2026-08-07,S2B_55JEK_20260807_0_L2A,E84,2026-08-09T03:04:49Z,True,0.0903,0.0969,0.0903,matches-round,5,5,5,[903.0],[969],[903],0.0,0.6358274000112942,0.28311710618436337,[10.0],,True,
jt3qp72gccn5j5n6xub3aopnq37cq3uzaxm2374tplruhhiys7aq,defi.zb3e5.zd4e6.hOnE,s2.B02,20620,2026-06-16,S2A_36MXC_20260616_0_L2A,E84,2026-06-17T20:00:59Z,True,0.0446,0.0378,0.0446,matches-round,5,5,5,[446.0],[378],[446],0.0,0.5747099897362205,0.3257259674373927,[10.0],,True,
cud2mvfajcemusau7zzbrl5wax7bgzracfsk3oj5j2f5pgtd5wca,defi.zb31a.hizU.qasa,s2.B02,20718,2026-09-22,S2B_MSIL2A_20260922T003659_R059_T54KXC_20260922T022032,PC,2026-09-26T20:33:47Z,True,0.0777,0.0883,0.0777,matches-round,5,5,5,[1777.0],[1883],[1777],-1000.0,0.7009486921251664,0.9692056911067084,[10.0],,True,
plnw2vvnowjlnrbcfk3c723lbdnnqv7yofaaupk7p7kki4wmgbma,defi.zb279.buwO.zd419,s2.B11,20721,2026-09-25,S2C_MSIL2A_20260925T000221_R030_T56HLH_20260925T023011,PC,2026-09-29T15:08:56Z,False,0.1844,0.1844,0.1844,floor=round,5,5,5,[2844.0],[2844],[2844],-1000.0,0.18750326620647684,0.31351347155850817,[20.0],reader=cog-pixel-floor@2,True,
euq3sabb6wt2jubttm62mouz6lsb2l7pfbcltchqydy6wr52teaa,defi.zb31a.hizU.sixa,indices.mndwi,20723,2026-09-27,S2C_MSIL2A_20260927T003701_R059_T54KYC_20260927T043253,PC,2026-09-28T23:15:31Z,False,-0.4796612983563008,-0.4796612983563008,-0.47896924355777226,matches-floor,5,5,5,"[2567.0, 5456.0]","[2567, 5456]","[2567, 5448]",-1000.0,0.2582806976279244,0.37959868740290403,"[10.0, 20.0]",reader=cog-pixel-floor@2,True,
ibncj5yptjou63izku3hsq247z3uyar2e6abhtc3t4ouhdwcx6rq,defi.zb31a.hizU.sixa,indices.nbr,20723,2026-09-27,S2C_MSIL2A_20260927T003701_R059_T54KYC_20260927T043253,PC,2026-09-28T09:01:14Z,False,-0.025700164744645804,-0.025700164744645804,-0.02086092715231788,matches-floor,5,5,5,"[3957.0, 4113.0]","[3957, 4113]","[3957, 4083]",-1000.0,0.2582806976279244,0.37959868740290403,"[10.0, 20.0]",,True,
mfg753gy63jdyea6cprejhgs7vuxktya2xgol37es3bjw3cegokq,defi.zb32e.jUje.vEmi,indices.nbr,20721,2026-09-25,S2C_MSIL2A_20260925T132231_R038_T23KKV_20260925T145720,PC,2026-09-29T01:01:03Z,False,0.07397778303001652,0.07397778303001652,0.07397778303001652,floor=round,4,4,4,"[3272.0, 2959.0]","[3272, 2959]","[3272, 2959]",-1000.0,0.43473330517872455,0.12977074496438945,"[10.0, 20.0]",reader=cog-pixel-floor@2,True,
npkehij6vuiye6wuvzio5mslmjtdbpjakzkmyald27o5crfxkcca,defi.zb33a.nodu.rEni,indices.ndre,20722,2026-09-26,S2A_MSIL2A_20260926T135121_R024_T22KBF_20260926T211811,PC,2026-09-29T19:55:59Z,False,0.38171632289279345,0.38171632289279345,0.3773885350318471,matches-floor,4,4,4,"[3713.0, 2214.0]","[3713, 2214]","[3595, 2173]",-1000.0,0.6128821461024927,0.41916311364616377,"[20.0, 20.0]",reader=cog-pixel-floor@2,True,
iqafjxjg5pnoc6uhndaljo4sm56aayuwkes3tpq2rrxkvmrenjcq,defi.zb342.zb716.zc9b2,indices.ndmi,20722,2026-09-26,S2B_MSIL2A_20260926T134209_R124_T22KDG_20260926T190049,PC,2026-09-30T04:51:19Z,False,-0.08633288227334238,-0.08633288227334238,-0.08692120227457356,matches-floor,4,4,4,"[4376.0, 5014.0]","[4376, 5014]","[4372, 5014]",-1000.0,0.0751353612577077,0.5983129096216544,"[10.0, 20.0]",reader=cog-pixel-floor@2,True,
rboidd5ge6rqudwm36mdzcz3g6f2tgs47l4zhjc35qgknhvzlgcq,defi.zb343.mOwO.zfa9d,indices.ndvi,20722,2026-09-26,S2B_MSIL2A_20260926T134209_R124_T22KEG_20260926T190049,PC,2026-09-30T00:27:45Z,False,0.3107312972821519,0.3107312972821519,0.33551912568306014,matches-floor,5,5,5,"[3339.0, 2230.0]","[3339, 2230]","[3444, 2216]",-1000.0,0.052459745353644394,0.6393060727978082,"[10.0, 10.0]",reader=cog-pixel-floor@2,True,
ycm7obd47xezt43caztsvoxps7iqxe5hbarataahmwnqscedohna,defi.zb34e.pItE.rixI,indices.ndvi,20722,2026-09-26,S2A_MSIL2A_20260926T135121_R024_T21LZC_20260926T211811,PC,2026-09-29T21:17:13Z,False,0.47161878065872453,0.47161878065872453,0.47546648237733236,matches-floor,4,4,4,"[3100.0, 1754.0]","[3100, 1754]","[3135, 1759]",-1000.0,0.999588028236758,0.08951579425502132,"[10.0, 10.0]",reader=cog-pixel-floor@2,True,
d3wtisgw3opas73lssxxc3gyvkbyxm36z3dqd2gamnfuenxsnyiq,defi.zb355.nubI.zekU,indices.ndti,20716,2026-09-20,S2B_MSIL2A_20260920T132229_R038_T23LKD_20260920T165150,PC,2026-09-30T06:13:18Z,False,0.08452722063037253,0.08452722063037253,0.098876404494382,matches-floor,5,5,5,"[2514.0, 2278.0]","[2514, 2278]","[2467, 2203]",-1000.0,0.5292946502213454,0.23471326595154096,"[10.0, 10.0]",reader=cog-pixel-floor@2,True,
jrzxbesdyq7byv7vbcyqgdlcrjkdpi26ryvbxv4drm24uhrezcya,defi.zb355.rErA.zekU,indices.savi,20716,2026-09-20,S2B_MSIL2A_20260920T132229_R038_T23LKD_20260920T165150,PC,2026-09-30T07:30:32Z,False,0.21583680631717483,0.21583680631717483,0.2072430395645803,matches-floor,5,5,5,"[3715.0, 2403.0]","[3715, 2403]","[3937, 2617]",-1000.0,0.6131724571860104,0.6031502205878496,"[10.0, 10.0]",reader=cog-pixel-floor@2,True,
m2b2g72itw4nspgqfefmmpizyu3ohyso6xwfu3f5hsaad2klatyq,defi.zb356.zc157.kEja,indices.ndti,20716,2026-09-20,S2A_MSIL2A_20260920T133241_R081_T22LFJ_20260920T211607,PC,2026-09-28T13:01:25Z,False,0.17886530965786052,0.17886530965786052,0.17448246725813266,matches-floor,5,5,5,"[2361.0, 1948.0]","[2361, 1948]","[2390, 1977]",-1000.0,0.6661151641856122,0.139602264855057,"[10.0, 10.0]",reader=cog-pixel-floor@2,True,
mr43ztkg66tzcvpftvvhmhj2nx6rbons7rzfgulmgrwxgmrazlsa,defi.zb356.zc157.kEja,indices.savi,20724,2026-09-28,S2C_MSIL2A_20260928T133151_R081_T22LFJ_20260928T163155,PC,2026-09-29T03:14:47Z,False,0.15152021383227532,0.15152021383227532,0.1487317448116833,matches-floor,5,5,5,"[3443.0, 2536.0]","[3443, 2536]","[3505, 2602]",-1000.0,0.6661151641856122,0.139602264855057,"[10.0, 10.0]",reader=cog-pixel-floor@2,True,
xglpszv45san2b7byezv22rnrbrultfvsxuuctl2g6fzmxlfqeha,defi.zb359.rEka.cIwe,indices.ndti,20723,2026-09-27,S2C_MSIL2A_20260927T135701_R067_T21LXD_20260927T185754,PC,2026-09-29T01:46:31Z,False,0.11665817626082528,0.11665817626082528,0.08707409410492159,matches-floor,5,5,4,"[2096.0, 1867.0]","[2096, 1867]","[2005, 1844]",-1000.0,0.027933417703025043,0.7676290470176355,"[10.0, 10.0]",reader=cog-pixel-floor@2,True,
zwzjbzeyscbhgj6ymidpaqtisb4ljainkiivtvvuvugcu3a7ejlq,defi.zb359.rEyO.zfa9d,indices.savi,20722,2026-09-26,S2B_MSIL2A_20260926T134209_R124_T22LEJ_20260926T190049,PC,2026-09-28T14:09:32Z,False,0.15712609970674488,0.15712609970674488,0.164275956284153,matches-floor,5,5,5,"[3209.0, 2316.0]","[3209, 2316]","[3373, 2411]",-1000.0,0.9784191648009255,0.1812800714747027,"[10.0, 10.0]",reader=cog-pixel-floor@2,True,
ccvtyyvasjw2njjgdtf54cri3dohw3t7octyxgh2tylplap6l7vq,defi.zb359.sIba.bEju,indices.ndmi,20723,2026-09-27,S2C_MSIL2A_20260927T135701_R067_T21LWD_20260927T185754,PC,2026-09-29T00:30:22Z,False,-0.34314429289303666,-0.34314429289303666,-0.3340463458110517,matches-floor,5,5,5,"[2830.0, 4742.0]","[2830, 4742]","[2868, 4742]",-1000.0,0.9067086811646732,0.003990795090885513,"[10.0, 20.0]",reader=cog-pixel-floor@2,True,
nyj5yqog3736zdc7vecdkuu7dndygkaxdfsbj37zb77mue5nudwq,defi.zb36e.jUhU.vusO,indices.nbr,20721,2026-09-25,S2B_MSIL2A_20260925T140709_R110_T21LTF_20260925T173500,PC,2026-09-29T18:40:23Z,False,0.35973229224762965,0.35973229224762965,0.37397931409907464,matches-floor,4,4,4,"[3438.0, 2148.0]","[3438, 2148]","[3524, 2150]",-1000.0,0.39209767141073826,0.5650629797951296,"[10.0, 20.0]",reader=cog-pixel-floor@2,True,
efdneb2p6pvnpq7dehdst4buvuejo5l4b7zfqa5geo2yr5lnivna,defi.zb37f.kijU.bude,s2.B08,20724,2026-09-28,S2A_MSIL2A_20260928T142801_R053_T20LPN_20260928T223214,PC,2026-09-30T10:08:32Z,False,0.24600000000000002,0.24600000000000002,0.259,matches-floor,4,4,4,[3460.0],[3460],[3590],-1000.0,0.2245288718027041,0.5848704688251019,[10.0],reader=cog-pixel-floor@2,True,
2fwztcvajxwhlbwv4ewwfseomggi3zdge4dtvahrqk24ir6slpaq,defi.zb392.tini.zfa4f,indices.ndre,20719,2026-09-23,S2A_MSIL2A_20260923T134221_R124_T22LEQ_20260923T213853,PC,2026-09-29T23:10:59Z,False,0.2403995560488347,0.2403995560488347,0.2403995560488347,floor=round,5,5,5,"[3794.0, 2711.0]","[3794, 2711]","[3794, 2711]",-1000.0,0.35508385796561015,0.1651001974942119,"[20.0, 20.0]",reader=cog-pixel-floor@2,True,
lrn27oni2rdldmbdg5oe4shtjyy6cqiztjcaytlrrznbv7qj5zoq,defi.zb398.ze396.zdc71,indices.mndwi,20720,2026-09-24,S2C_MSIL2A_20260924T134701_R024_T22LDQ_20260924T183954,PC,2026-09-28T14:50:57Z,False,-0.4613003095975233,-0.4613003095975233,-0.46420323325635104,matches-floor,4,4,4,"[2044.0, 3832.0]","[2044, 3832]","[2044, 3853]",-1000.0,0.08059630458592437,0.4791725633666033,"[10.0, 20.0]",reader=cog-pixel-floor@2,True,
db3mljjcp7zfwaexbyida422q56i2uem2htkz7xdgkco4enmwbya,defi.zb3b2.rikU.qiyI,indices.urban_canopy_index,20719,2026-09-23,S2A_MSIL2A_20260923T134221_R124_T22MGT_20260923T193221,PC,2026-09-30T02:04:11Z,False,0.29317177241961795,0.29317177241961795,0.3100998135595863,matches-floor,5,5,5,"[3410.0, 2146.0, 4434.0]","[3410, 2146, 4434]","[3546, 2179, 4480]",-1000.0,0.4864138845823618,0.8309275403616994,"[10.0, 10.0, 20.0]",reader=cog-pixel-floor@2,True,
zo24reoxj45ykujpoougc5ffl7hifsfyx74b7q6goh5wqfa3otoa,defi.zb3bc.kOdI.hIkO,s2.B04,20719,2026-09-23,S2A_MSIL2A_20260923T134221_R124_T22MFU_20260923T193221,PC,2026-09-29T02:12:48Z,False,0.10250000000000001,0.10250000000000001,0.09920000000000001,matches-floor,4,4,4,[2025.0],[2025],[1992],-1000.0,0.47848712687846273,0.9407211096959145,[10.0],reader=cog-pixel-floor@2,True,
2jzb7co3c27ci32oywonal5prouh5ecrzyknpf2tncni463bkxba,defi.zb3dc.wOsA.nufI,s2.B03,20704,2026-09-08,S2A_MSIL2A_20260908T142811_R053_T20MRB_20260909T001414,PC,2026-09-29T13:55:37Z,False,0.1163,0.1163,0.139,matches-floor,5,5,5,[2163.0],[2163],[2390],-1000.0,0.3484463102417976,0.8922991128638387,[10.0],reader=cog-pixel-floor@2,True,
5fzw7xc53uie4jtachzdm7lkhob2o5hfwp5omqjjjcjznsokfbda,defi.zb3f7.jirO.zd3f7,indices.bsi,20720,2026-09-24,S2B_MSIL2A_20260924T073609_R092_T37MDV_20260924T113953,PC,2026-09-28T23:54:51Z,False,0.27565601454923355,0.27565601454923355,0.27718704688255186,matches-floor,5,5,5,"[4535.0, 2375.0, 3128.0, 1660.0]","[4535, 2375, 3128, 1660]","[4820, 2465, 3205, 1786]",-1000.0,0.6222567431918833,0.3067972850985825,"[20.0, 10.0, 10.0, 10.0]",reader=cog-pixel-floor@2,True,
g2kqs6afgo5ewj2o3y2pyrhkynpbhplsvod2cf2sspo3b7afbpna,defi.zb3fe.zdce6.zc16b,indices.ndwi,20720,2026-09-24,S2B_MSIL2A_20260924T073609_R092_T37MCV_20260924T113953,PC,2026-09-29T14:37:05Z,False,-0.42421353670162054,-0.42421353670162054,-0.404096834264432,matches-floor,5,5,5,"[1906.0, 3241.0]","[1906, 3241]","[1960, 3262]",-1000.0,0.49004046723712236,0.9159763108939387,"[10.0, 10.0]",reader=cog-pixel-floor@2,True,
ux4l2n3iqmnacjlysopmcc4ydlkitrdfdwitb2mhy5wrayhq7xla,defi.zb5c1.yosi.voxo,indices.ndwi,20721,2026-09-25,S2A_MSIL2A_20260925T104041_R008_T31SDD_20260925T183512,PC,2026-09-30T09:31:00Z,False,-0.706384709231395,-0.706384709231395,-0.6844961240310079,matches-floor,4,4,4,"[1361.0, 3098.0]","[1361, 3098]","[1407, 3173]",-1000.0,0.31847684219792427,0.7314920942299068,"[10.0, 10.0]",reader=cog-pixel-floor@2,True,
