mutation,family,threat,description,A prose,B structured,C opaque id,D content hash,E + binding,F + signature,G + log,H + recompute,I + source re-read
G0,control,none,"genuine handoff, nothing altered",acted correctly,acted correctly,acted correctly,acted correctly,acted correctly,acted correctly,acted correctly,acted correctly,acted correctly
M1,paraphrase,T1,stated value moved by 1 ULP,acted on corrupted evidence,acted on corrupted evidence,unaffected,unaffected,unaffected,unaffected,unaffected,unaffected,unaffected
M2,paraphrase,T1,"stated value rounded to ""0.47""",acted on corrupted evidence,acted on corrupted evidence,unaffected,unaffected,unaffected,unaffected,unaffected,unaffected,unaffected
M3,relay,T1,1 ULP changed inside the served bytes; token kept,acted on corrupted evidence,acted on corrupted evidence,acted on corrupted evidence,refused [D],refused [D],refused [D],refused [D],refused [D],refused [D]
M4,misbinding,T1,record cited for another cell,acted on corrupted evidence,acted on corrupted evidence,acted on corrupted evidence,acted on corrupted evidence,refused [E],refused [E],refused [E],refused [E],refused [E]
M5,misbinding,T1,an older record handed over as the current answer,acted on corrupted evidence,acted on corrupted evidence,acted on corrupted evidence,acted on corrupted evidence,refused [E],refused [E],refused [E],refused [E],refused [E]
M6,misbinding,T1,a record for another band handed over,acted on corrupted evidence,acted on corrupted evidence,acted on corrupted evidence,acted on corrupted evidence,refused [E],refused [E],refused [E],refused [E],refused [E]
M7,reference,T1,token miscopied by one character,n/a,n/a,refused [C],refused [D],refused [D],refused [D],refused [D],refused [D],refused [D]
M8,forgery,T1,"value changed to 0.45, re-encoded and re-hashed",acted on corrupted evidence,acted on corrupted evidence,acted on corrupted evidence,acted on corrupted evidence,acted on corrupted evidence,refused [F],refused [F],refused [F],refused [F]
M9,forgery,T1,"cell changed inside the record, re-hashed",acted on corrupted evidence,acted on corrupted evidence,acted on corrupted evidence,acted on corrupted evidence,acted on corrupted evidence,refused [F],refused [F],refused [F],refused [F]
M10,forgery,T1,"tslot changed to look current, re-hashed",acted on corrupted evidence,acted on corrupted evidence,acted on corrupted evidence,acted on corrupted evidence,acted on corrupted evidence,refused [F],refused [F],refused [F],refused [F]
M11,forgery,T1,"source scene id changed, re-hashed",acted on corrupted evidence,acted on corrupted evidence,acted on corrupted evidence,acted on corrupted evidence,acted on corrupted evidence,refused [F],refused [F],refused [F],refused [F]
M12,forgery,T1,"derivation offset changed, value recomputed, re-hashed",acted on corrupted evidence,acted on corrupted evidence,acted on corrupted evidence,acted on corrupted evidence,acted on corrupted evidence,refused [F],refused [F],refused [F],refused [F]
M13,forgery,T1,"value 0.45, signed and logged under the forger's own key",acted on corrupted evidence,acted on corrupted evidence,acted on corrupted evidence,acted on corrupted evidence,acted on corrupted evidence,refused [F],refused [F],refused [F],refused [F]
M14,signer error,T2,value (0.46) disagrees with the signed DNs; signed and logged,acted on corrupted evidence,acted on corrupted evidence,acted on corrupted evidence,acted on corrupted evidence,acted on corrupted evidence,acted on corrupted evidence,acted on corrupted evidence,refused [H],refused [H]
M15,signer error,T2,DNs read from the pixel 10 m south; signed and logged,acted on corrupted evidence,acted on corrupted evidence,acted on corrupted evidence,acted on corrupted evidence,acted on corrupted evidence,acted on corrupted evidence,acted on corrupted evidence,acted on corrupted evidence,refused [I]
M16,signer error,T2,a second signed version shown only to B (not in the log),acted on corrupted evidence,acted on corrupted evidence,acted on corrupted evidence,acted on corrupted evidence,acted on corrupted evidence,acted on corrupted evidence,refused [G],refused [G],refused [G]
M17,referent,T1,same record; A meant a different physical entity,acted on corrupted evidence,acted on corrupted evidence,acted on corrupted evidence,acted on corrupted evidence,acted on corrupted evidence,acted on corrupted evidence,acted on corrupted evidence,acted on corrupted evidence,acted on corrupted evidence
